id,name,year,rank
15,$30,1999,7.5
184,'Ne gnstige Gelegenheit,1999,4.6
369,...Comme elle respire,1998,5.9
431,...Quando Troveja,1999,4.7
641,10 Seconds,1998,7.3
644,10 Things I Hate About You,1999,6.7
672,100 aos de perdn,1998,6.3
837,1001 Nights,1998,9
909,11 de septiembre de 1973. El ltimo combate de Salvador Allende,1998,7.3
973,12 Bucks,1998,5.1
993,12 Stops on the Road to Nowhere,1999,8.4
1024,13 (1999/I),1999,4
1092,"13th Warrior, The",1999,6.1
1114,14/1 endlos,1998,7
1123,"14e kippetje, Het",1998,5.6
1132,15 Amore,1998,5.8
1144,15 Minutes,1999,5.1
1191,17 and Under,1998,4.1
1200,17 Seconds to Sophie,1998,5.1
1208,1732 Htten,1998,5.5
1305,18 Shades of Dust,1999,5
1456,1997 - Zapisi Rustema s risunkami,1998,7.9
1470,1999,1998,5.2
1473,1999 Madeleine,1999,6.8
1543,"2 Little, 2 Late",1999,8.4
1550,"2 Mnner, 2 Frauen - 4 Probleme!?",1998,6.6
1578,2 secondes,1998,6.6
1617,20 Dates,1998,5.4
1664,200 Cigarettes,1999,5.4
1710,2001 Yonggary,1999,3
1826,23,1998,7.3
1870,"24 Hour Woman, The",1999,5.6
1883,24 Nights,1999,6.9
1898,24-Seven,1999,6.1
2031,2by4,1998,5.8
2127,3 Misses,1998,7.8
2136,3 Ninjas: High Noon at Mega Mountain,1998,2.3
2142,"3 Postruber, Die",1998,4.3
2201,30 Days,1999,4.6
2234,"30, Still Single: Contemplating Suicide",1998,6.8
2254,303 Fear Faith Revenge,1998,6.1
2370,39 keih dai sanjky j,1999,6.8
2409,4 a.m.: Open All Night,1999,6.8
2440,4 Geschichten ber 5 Tote,1998,8.6
2456,"4 saisons d'Espigoule, Les",1999,7
2458,4 Second Delay,1998,5.5
2632,"4th Floor, The",1999,5.7
2781,54,1998,5.4
2849,6 Miles of 8 Feet,1999,8
2944,"6:3, avagy jtszd jra Tutti",1999,6.2
2954,6ix,1999,6.1
3112,8  $,1999,9.2
3113,8  Women,1999,5.6
3161,"8:e sngen, Den",1998,8.3
3163,8MM,1999,5.9
3249,9413,1998,6.3
3270,98 goo waak chai ji lung chang foo dau,1998,5.4
3318,A,1998,5.1
3368,A domani,1999,5.1
3430,A la medianoche y media,1999,6.4
3462,A los que aman,1998,7.3
3993,A.W.O.L. (1999/I),1999,5.4
4003,Aa Ab Laut Chalen,1999,6.3
4363,Aaron Cohen's Debt,1999,6.4
4402,Aarzoo,1999,5.9
4464,Aau chin,1999,7.2
4614,Abbiamo solo fatto l'amore,1998,3.9
4680,ABCD,1999,5.5
4753,Abeltje (1998/I),1998,5.6
4763,Abendland,1999,5.3
4919,Abilene,1999,5.6
5052,Above Freezing,1998,4.7
5060,Above the Dust Level,1999,6.4
5195,Absolute Giganten,1999,7.6
5218,Absolutt blmandag,1999,6.5
5266,Abuelitos,1999,6
5272,"Abuelo, El",1998,7.7
5297,"Abwab al Moghlaka, Al",1999,7.4
5378,Accelerator,1999,6.5
5504,"Accountant, The",1999,7.4
5717,"Acid House, The",1998,5.9
5730,Acide anim,1999,5.8
5884,Act of War,1998,3.8
5972,Active Stealth,1999,3
6266,Addicted to Murder: Tainted Blood,1998,4.4
6325,"Adelfos mou kai Ego, O",1998,6
6415,"Adieu, plancher des vaches!",1999,6.8
6557,Admit One,1999,5.4
6635,Adorenarin doraibu,1999,7.4
6665,Adrian,1998,4.2
6989,"Adventures of Elmo in Grouchland, The",1999,5.3
7093,"Adventures of Ragtime, The",1998,3.5
7103,"Adventures of Sebastian Cole, The",1998,6.5
7196,Advice From a Caterpillar,1999,5.5
7220,Adwa,1999,8.8
7589,AFI's 100 Years... 100 Movies: The Antiheroes,1998,6.1
7599,Afinskiye vechera,1999,8.5
7608,Afmagt,1998,5.1
7628,Africa (1999/I),1999,5.1
7651,Africa's Elephant Kingdom,1998,7.8
7806,After Alice,1999,5.5
7846,After Hours Happy Hour,1999,9.2
7895,After Stonewall,1999,7.7
8198,Age to Age,1999,5.4
8218,Agenda 187,1999,6.2
8362,Agnes Browne,1999,6.1
8564,Agujetas en el alma,1998,3.4
8590,Ah haru,1998,7.3
8767,Ai o kou hito,1998,7
8777,Ai qing meng huan hao,1999,2.7
8786,Ai rabu y,1999,5.3
8805,Ai xuoi van ly,1998,4.4
8942,Aime & Jaguar,1999,7.3
8995,Aiqing mala tang,1998,6.8
9005,Air Bud: Golden Receiver,1998,4.2
9089,Airborne,1998,3.4
9092,Airboss II: Preemptive Strike,1998,1.7
9093,Airboss III: The Payback,1999,2.8
9094,Airboss IV: The X Factor,1999,1.9
9139,Airspeed,1998,3.1
9143,Airtime,1998,7.3
9231,Ajlawju,1999,4
9364,Akbar's Adventure Tours,1998,4.2
9514,Aksuat,1999,6.1
9647,Al Dente,1998,5.2
10056,"Albero delle pere, L'",1998,6.6
10064,Albert,1998,5.4
10241,Alegra,1998,5.4
10374,Alexandria Hotel,1998,5.7
10558,Alias,1999,2.8
10662,"Alibi, The",1998,6.8
10672,Alice,1999,7.6
10704,Alice et Martin,1998,6.2
10784,Alice Underground,1999,7.3
10838,Alien Adventure,1999,5
10851,Alien Blood,1999,3
10933,Aliens in the Wild Wild West,1999,3.1
11010,Alissa,1998,5
11069,"Alkimista s a szz, Az",1999,7
11147,All American Hero,1999,9.4
11201,"All Dogs Christmas Carol, An",1998,4
11335,All My Friends Are Cowboys,1998,6.6
11354,"All New Adventures of Laurel & Hardy: For Love or Mummy, The",1999,3.4
11384,All of It,1999,6.2
11451,All Shook Up,1999,5.7
11519,All the Little Animals,1998,6.6
11533,All the Rage,1999,5.7
11549,All the Way,1998,5.4
11753,Allanamiento de morada,1998,8.5
11837,Allerd Fishbein's in Love,1999,6.6
11865,Alles Bob!,1999,6
11906,Alles wird gut,1998,7.8
11988,Alltag,1999,8.2
12006,Allure,1999,6.5
12017,Allyn McBeal,1999,9
12096,Alma ma,1999,6.7
12227,Almost Heroes,1998,4.3
12329,Alone. Life Wastes Andy Hardy,1998,7.8
12459,Als es Nacht wurde in Deutschland,1999,7.8
12622,Alternative Therapy,1998,5.9
12828,Al?!,1998,8.4
13013,Amaneci de golpe,1998,7.5
13063,"Amante perduto, L'",1999,5.8
13078,"Amantes del Crculo Polar, Los",1998,7.6
13100,"Amants criminels, Les",1999,6.4
13190,Amarillo by Morning,1998,6.8
13307,"Amateur, El",1999,6.9
13343,"Amazing Adventures of Spider-Man, The",1999,8.3
13421,Amazon High,1999,3.4
13430,Amazon Warrior,1998,4.1
13595,Ambushed,1998,6
13601,Ame agaru,1999,7.8
13644,"America a Roma, L'",1998,8.1
13789,American Beauty,1999,8.5
13801,American Born,1999,4.8
13848,American Cowboy,1998,1.4
13859,American Detective,1999,4.3
13861,American Dragons,1998,4.4
13978,American History X,1998,8.4
13988,American Hollow,1999,6.5
14005,American Intellectuals,1999,5.6
14096,American Movie: The Making of Northwestern,1999,7.5
14131,American Pie,1999,6.8
14133,American Pimp (1999/I),1999,6.2
14305,Amerikanka,1998,5.9
14362,Amic/Amat,1999,7.9
14386,"Amico del cuore, L'",1998,4.9
14423,Amigos,1999,6.2
14480,"Amiti, L'",1998,5.2
14585,Amok,1998,6
14596,Among Giants,1998,5.2
14629,Amor & Cia,1998,8
14755,Amor nello specchio,1999,7.2
14834,Amore a prima vista,1999,5.1
14919,"Amore, Un",1999,5.2
14922,Amores,1998,8.4
15047,Amour fou,1999,7.4
15151,Amplifier,1999,6.5
15185,"Amsterdam Tale, An",1999,1.7
15218,Amy,1998,6.5
15869,Anari No. 1,1999,7.7
16253,Anderson Unbound,1999,9.1
16422,Andromina: The Pleasure Planet,1999,3
16433,"Andr Hazes, zij gelooft in mij",1999,7.2
16564,Ang wan nyn mung,1999,6.4
16662,Angel Express,1999,4.1
16724,Angel on Abbey Street,1999,7.8
16767,Angel's Dance,1999,5.7
16803,Angela's Ashes,1999,6.8
16841,Angelito mo,1998,4.1
16897,Angels in the Attic,1998,5
16923,"Angels, Baby!",1999,4.2
16935,Angeluz,1998,3.4
16987,Angles of the Dumps,1998,1
17042,Angst,1998,8.6
17131,Anima,1998,7.3
17149,Animal,1999,4.6
17214,Animals,1999,4
17504,Anna and the King,1999,6.6
17665,Annar,1998,4.2
17684,Anne Frank's Diary,1999,6.9
17782,"Annihilation of Fish, The",1999,5.6
17818,"Annonce faite  Marius, L'",1998,5.5
17953,Another Day in Paradise,1998,6.2
18000,Another Planet,1999,7.4
18044,Anrakk monk,1998,6.2
18154,Antebios,1998,7.2
18166,Antenneforeningen,1999,6
18186,Anthahpuram,1998,7.1
18211,Anthrakitis,1998,7
18218,Anthropophagous 2000,1999,4.2
18238,Anti-hero,1999,9.2
18441,Antz,1998,7.1
18447,"Antnio, Rapaz de Lisboa",1999,8.8
18544,Any Given Sunday,1999,6.4
18635,Anywhere But Here,1999,6
18945,Apo tin akri tis polis,1998,6.6
19109,Appetite,1998,4
19187,Apprentice,1999,7.2
19307,Aprile,1998,6.8
19309,Aprilkinder,1998,7.7
19362,Apt Pupil,1998,6.4
19628,Arak el-balah,1998,7.3
19748,"Arbre de les cireres, L'",1998,7.1
19816,"Arche du dsert, L'",1998,4.6
19829,Archibald the Rainbow Painter,1998,5.3
19910,Ard al-Khof,1999,6
19922,"Arde, amor",1999,5.6
20061,Areumdawoon sheejul,1998,6.6
20091,"Argentino en New York, Un",1998,4.6
20108,Arguing the World,1998,5.7
20112,"Argument, The",1999,4.7
20226,"Arithmimenoi, Oi",1998,4.6
20299,Arjun Pandit,1999,4.9
20336,Arlington Road,1999,7.1
20371,Armageddon,1998,5.7
20373,Armageddon Boulevard,1998,1.3
20375,Armageddon: Target Earth,1998,5.8
20468,Armon aika,1998,4.2
20497,Armstrong,1998,3.8
20540,"Arme de l'ombre, L'",1999,7.6
20603,Around the Fire,1999,5.4
20684,Arrangement,1999,7.1
20689,"Arrangement, The",1999,5.2
20826,"Arrive, L'",1998,7.5
20828,"Arrire pays, L'",1998,6.4
20957,Art House,1998,5.1
20966,"Art of a Bullet, The",1999,5
21008,"Art of Murder, The",1999,4
21155,Arthur,1998,6.7
21185,Arthur's Quest,1999,4.8
21493,As perimenoun oi gynaikes,1998,6.4
21606,Asansor,1999,5.2
21782,Ashes and Flames,1998,2
22000,Asini,1999,6.4
22194,Asphalto,1998,3.4
22651,"Astronaut's Wife, The",1999,4.7
22688,Astrix et Oblix contre Csar,1999,5.3
22701,Asunder,1998,4.2
22817,At Death's Door,1999,5.9
22824,At First Sight,1999,5.7
22878,At Sachem Farm,1998,5.5
22931,At the End of the Day: The Sue Rodriguez Story,1998,6.6
23065,Ataque verbal,1999,5.9
23067,Atarashii kamisama,1999,8.7
23083,Atatrk: Founder of Modern Turkey,1999,8.4
23190,"Atilano, presidente",1998,5.1
23264,Atlas Gets a Drink,1999,6.4
23330,Atomic Sake,1999,7.8
23336,Atomic Tabasco,1999,7.7
23442,Attack of the 50 Foot Chihuahua From Outer Space,1998,8.1
23622,At que a Vida nos Separe,1999,8
23624,Atmica,1998,6.1
23654,Au bout du monde,1999,7.3
23673,Au coeur du mensonge,1999,6.5
23959,Auditions,1999,5.9
24168,"Augustin, roi du Kung-fu",1999,5.9
24180,Aujourd'hui ou jamais,1998,4.3
24252,Aunty No. 1,1998,4.7
24292,Aurora,1998,4.8
24293,Aurora,1998,4.8
24432,Austin Powers: The Spy Who Shagged Me,1999,6.5
24465,Ausverkauft!,1999,6.6
24476,"Auteur Theory, The",1999,4.5
24515,"Auto, L'",1998,8.2
24656,Autour de la maison rose,1999,3.3
24680,"Autre, L'",1999,5.4
24701,Autumn Heart,1999,6.3
24713,Autunno,1999,5.4
24776,Avalanche,1999,4.3
24906,Ave Mara (1999/I),1999,6.8
24918,Avec mon mari,1999,6.4
24955,"Avengers, The",1998,3.4
25386,"Awakening of Gabriella, The",1999,3.7
25720,Azize: Bir laleli hikayesi,1999,7.4
25774,Ao Entre Amigos,1998,7.5
25805,"Aos brbaros, Los",1998,6.8
25822,B gai waak,1998,6.9
25835,B*Witched and 5ive In Concert,1999,6.2
25851,B. Monkey,1998,6.1
25926,Baadshah,1999,6.5
25944,Baanoo,1999,6.4
25967,Baau lit ying ging,1999,6.2
26041,"Babar, King of Elephants",1999,6.2
26079,Babe: Pig in the City,1998,6.5
26081,Babel,1999,4.4
26154,Babette's Feet,1999,8
26199,Babilnia 2000,1999,8.7
26320,Baby Doll,1998,6.3
26329,Baby Doom,1998,5.3
26352,Baby Geniuses,1999,2.4
26425,Baby Steps,1999,3.8
26476,Babyface,1998,4.6
26484,Babylon (1998/I),1998,4.4
26500,Babylon Park: Frightspace,1999,8.5
26515,Babymother,1998,1.9
26666,"Bachelor, The",1999,5
26681,Baci e abbracci,1999,6.5
26795,Back to Even,1998,4.3
26992,Backlash,1998,5.5
26997,Backroad Diner,1999,7.2
27069,Backtime,1998,3
27184,Bad City Blues,1999,5.1
27285,Bad ma ra khahad bord,1999,7.2
27323,Bad Money,1999,4.5
27339,"Bad Pack, The",1998,3.9
27415,Bade Miyan Chote Miyan,1998,6.2
27676,Bagnomaria,1999,2.7
27927,Bait,1999,4.7
27978,Bajo California: El lmite del tiempo,1998,8
28164,"Bal masqu, Le",1998,5.4
28177,"Bal, De",1999,6.2
28375,"Balia, La",1999,6.2
28492,Ballad of the Nightingale,1998,4
28543,"Ballata dei lavavetri, La",1998,4.2
28832,Ban zhi yan,1999,7.2
28914,"Banco en el parque, Un",1999,6.4
28917,Bancos,1999,8
29026,Bandhan,1998,4.7
29162,Bang Boom Bang - Ein todsicheres Ding,1999,7.2
29228,Bangers,1999,5.1
29248,Bangkok Dangerous,1999,6.4
29397,Banoo-Ye Ordibehesht,1998,7.5
29469,Bao lian deng,1999,5.7
29505,"Bar Channel, The",1998,4.3
29554,Bara,1999,4.3
29590,Barak,1999,6.5
29593,Baraka,1998,8.6
29640,Barbara,1998,5.8
29756,Barbie Nation: An Unauthorized Tour,1998,5.1
29912,Bare skyer beveger stjernene,1998,7.2
30047,Barenaked in America,1999,7.3
30054,Barf,1999,6.3
30106,Bariwali,1999,6
30182,Barney's Great Adventure,1998,3.1
30389,Barrio,1998,7.4
30442,Barry's Gift,1999,8.7
30582,BASEketball,1998,6.1
30583,"Basement and the Kitchen, The",1999,6.6
30662,Basil,1998,6.1
30683,"Basket, The",1999,6.2
30750,Bastards,1999,7.6
30792,"Bata, bata... Paano ka ginawa?",1998,8.6
30992,Bats (1999/I),1999,3.2
30995,"Bats, The",1999,3.5
31317,Battlestar Galactica: The Second Coming,1999,6.4
31411,Bavagaru Bagunnara?,1998,6.4
31629,Beach Babes 2: Cave Girl Island,1998,3.8
31656,"Beach Boys: The Lost Concert, The",1998,8.2
31790,"Bear, The",1999,7.1
31867,Beat,1999,8.9
32024,Beau travail,1999,6.7
32122,Beautiful People,1999,7.1
32129,Beautiful Sunday,1998,6.8
32146,Beautopia,1998,5.9
32531,Bedrooms and Hallways,1998,6.7
32592,Beed-o baad,1999,7.3
32601,Beefcake,1998,7.4
33121,Bei qi baba shangxue,1998,6.9
33179,Being John Malkovich,1999,7.9
33198,Beings,1998,5.2
33283,Bela Donna,1998,4.7
33332,"Belfast, Maine",1999,7.8
33416,"Bell boy, Le",1998,6.7
33581,Belle maman,1999,6
33670,Bellini's Drive,1998,7.1
33714,Belly,1998,4.4
33721,Bellyfruit,1999,6.6
33728,Belo odelo,1999,5.7
33742,Beloved,1998,5.6
33775,Below the Belt,1999,8.4
34191,Beowulf,1999,3.6
34238,Beresina oder Die letzten Tage der Schweiz,1999,6.8
34306,Berlin Berlin,1998,9.7
34346,Berlin-Cinema,1999,4.3
34512,Besame mucho,1999,7.2
34516,Besat (1999/I),1999,6.3
34535,Beshkempir,1998,7.2
34538,Besieged,1998,6.5
34553,"Beso de la tierra, El",1999,7.2
34670,Best Laid Plans,1999,6.3
34702,"Best Man, The (1999/I)",1999,5.9
34915,Best of the Best: Without Warning,1999,4
35227,Better Late,1998,8.8
35236,Better Living,1998,3.5
35237,Better Living Through Circuitry,1999,6.8
35257,Better Than Chocolate,1999,6.2
35463,Between the Sheets,1998,7.5
35543,Beverly Hood,1999,2.7
35690,Beyond Paradise,1998,5.2
35770,Beyond the Mat,1999,7.3
35778,Beyond the Pale,1999,6.8
36283,Bhopal Express,1999,8.1
36376,Bi xie lan tian,1998,5.7
36461,"Biandan, guniang",1998,5.5
36536,Bicentennial Man,1999,6.1
36775,"Big Blind, The",1999,6.9
36948,Big Canyon,1999,6.1
36975,Big City Blues (1999/I),1999,3.2
37002,Big Daddy,1999,5.9
37006,Big Day (1999/II),1999,2.4
37010,"Big Day, The (1999/I)",1999,4.3
37118,Big Helium Dog,1999,4
37122,"Big Hit, The",1998,5.7
37160,"Big Kahuna, The",1999,6.6
37178,"Big Lebowski, The",1998,7.9
37212,Big Monday,1998,5.8
37222,"Big Muddy, The",1998,4.4
37347,"Big Split, The",1999,6.8
37374,"Big Swap, The",1998,5.7
37387,"Big Tease, The",1999,6
37557,Bigger Than Tina,1999,4.9
37654,Biker Dreams,1998,7
37816,Bill Diamond - Geschichte eines Augenblicks,1999,5.8
37894,Billboard Dad,1998,5
37958,Billy & Bobby: The Hollywood Years,1998,8
37997,Billy Frankenstein,1998,1.7
38087,Billy's Balloon,1998,7.9
38104,Billy's Hollywood Screen Kiss,1998,6.4
38170,Bimboland,1998,3.9
38260,Bingo (1998/II),1998,5.8
38272,Bingo! The Documentary,1999,9.2
38338,Bio Zombie,1998,6.6
38517,Bird by Bird with Annie,1999,6.9
38573,Birddog,1999,5.8
38771,Bis zum Horizont und weiter,1999,6
38956,Bitter Fruits,1999,4.5
39032,Biwi No. 1,1999,5.2
39129,Blabbermouth & Stickybeak,1998,8.8
39142,Black & White,1998,5.2
39193,Black and White,1999,5.3
39219,"Black as Hell, Strong as Death, Sweet as Love",1998,5
39441,Black Dog,1998,4.6
39480,Black Flamingos - Sie lieben euch zu Tode,1998,7.7
39653,Black Light,1998,4.1
39780,Black Out,1998,4.8
39817,"Black Press: Soldiers Without Swords, The",1999,4.8
39865,Black Sea 213,1998,2.7
39928,Black Spring Break: The Movie,1998,3.2
40044,Black XXX-Mas,1999,5
40056,Blackadder Back & Forth,1999,6.7
40089,Blackheart,1998,4.4
40187,Blade,1998,6.7
40221,"Blair Clown Project, The",1999,2.1
40222,"Blair Fish Project, The",1999,1.1
40226,"Blair Witch Project, The",1999,6
40227,"Blair Witch Rejects, The",1999,4.7
40334,Blast from the Past,1999,6.4
40445,Blazen tot honderd,1998,5.9
40505,Bleeder (1999/I),1999,6.1
40564,"Bleu des villes, Le",1999,6.5
40660,Blind Faith,1998,6.1
40787,Blindness,1998,4.5
40813,Blink of an Eye,1999,4.8
40819,Blinker,1999,5.9
40940,Blokpost,1998,6.9
41157,"Blood Beast: The Films of Michael Reeves, The",1999,7.7
41182,Blood Dolls,1999,3.1
41335,Blood Type,1999,6.4
41352,"Blood, Guts, Bullets and Octane",1998,5.1
41360,Bloodbath,1999,5
41395,Bloodlock,1998,6.2
41412,Bloodsport: The Dark Kumite,1998,2.1
41416,Bloodsuckers,1998,1.9
41417,Bloodsucking Killerclowns from Outer Space,1999,1.5
41423,Bloodthirsty,1999,3.5
41433,Bloody Christmas,1999,1.5
41695,Blue Belgium,1999,3
41796,Blue Fish,1998,4.2
41874,Blue Moon,1998,7.3
41915,Blue Ridge Fall,1999,4.9
41942,Blue Streak,1999,5.8
42044,Bluelove,1999,4.9
42055,Blues Brothers 2000,1998,4.4
42111,"Blume der Hausfrau, Die",1999,6.3
42139,"Blur of Insanity, The",1999,6.7
42201,"Bl munk, Den",1998,3.6
42206,Bldrar,1998,5.7
42207,Bldrar - om krleken till ett fotbollslag,1999,7.1
42227,Bo Ba Bu,1998,6.3
42376,Bob Marley Live in Concert,1998,6.9
42528,Bobby G. Can't Swim,1999,6.1
42533,Bobby Loves Mangos,1998,7.8
42590,Bocage - O Triunfo do Amor,1998,6.6
42654,"Bodas de Deus, As",1999,7.8
42708,Body and Soul,1998,3.6
42729,Body Count,1998,5
42807,Body Shots,1999,4.9
42854,Bodywork,1999,4.8
42860,"Boekverfilming, De",1999,6.3
42880,Bofetada,1999,7
42909,Bogorodica,1999,7
43087,"Bold Affair, A",1998,4.1
43118,Boleiros - Era Uma Vez o Futebol ...,1998,7.5
43143,Boli zhi cheng,1998,5.6
43278,Bomba de relojera,1998,8
43287,"Bomba, La",1999,5.8
43315,Bombay Boys,1998,8.5
43565,"Bone Collector, The",1999,6.2
43567,Bone Daddy,1998,5.3
43624,Bongwater,1998,4.4
43918,"Book of Life, The",1998,6.6
43941,"Book That Wrote Itself, The",1999,4.6
43964,Bookshifting,1999,4.6
43977,Boom,1999,6.4
44034,"Boondock Saints, The",1999,7.7
44077,Bootleg Film,1999,3.7
44198,Bor lei jun,1999,5.4
44301,Border to Border,1998,6.9
44348,Bored,1999,4.7
44370,"Borges, los libros y las noches",1999,5.4
44415,Born Bad,1999,5.2
44488,Born to Lose,1999,3.8
44489,Born to Lose: The Last Rock and Roll Movie,1999,8.7
44519,Bornholms stemme,1999,5.5
45206,Bovine Vendetta,1998,1.5
45237,Bowfinger,1999,6.5
45343,"Boxer, The",1998,3.2
45456,Boy Meets Girl (1998/I),1998,6.5
45457,Boy Meets Girl (1998/II),1998,5.5
45467,Boy Next Door (1999/I),1999,5.5
45509,"Boy Who Saved Christmas, The",1998,5.8
45523,"Boy with the X-Ray Eyes, The",1999,4.5
45578,"Boyhood of John Muir, The",1998,5.8
45604,Boys Briefs,1999,5.7
45609,Boys Don't Cry,1999,7.6
45619,"Boys II, Les",1998,6.3
45628,Boys in Love 2,1998,6.5
45695,"Boys, The",1998,5.9
45880,Brakhage,1998,6.2
45895,Branchie,1999,4.4
45980,"Brandon Teena Story, The",1998,6.9
46113,"Braut, Die",1999,4.7
46182,Bravo,1998,2.4
46194,Bravo Two Zero,1999,6.5
46267,Break & Enter,1999,6.4
46287,Break Up,1998,5.1
46334,Breakfast of Champions,1999,4.1
46342,"Breakfast, The (1998/I)",1998,5.8
46416,Breaking the Silence,1998,3.1
46448,"Breaks, The",1999,5.6
46507,Breath,1999,8.4
46572,Breeders,1998,2.4
46708,Bridal Path,1998,8
46743,Bride of Chucky,1998,5.2
46834,Bridge of Dragons,1999,3.5
47130,Bringing Out the Dead,1999,6.7
47423,Brokedown Palace,1999,6
47482,"Broken Giant, The",1998,3.8
47588,Broken Vessels,1998,5.9
47837,"Bror, min bror",1998,6.5
47856,Brother (1999/I),1999,6.5
47896,Brother Tied,1998,8.8
47992,"Brothers, The (1998/I)",1998,2.4
48039,Brown Sugar,1998,3.7
48047,Brown's Requiem,1998,5.6
48168,Bruised Orange,1999,4.4
48255,Brussels Midnight,1998,6.5
48321,"Brylcreem Boys, The",1998,5.3
48428,Bu jian bu san,1998,7.5
48460,Bubba and Ike,1998,2.5
48493,Bubblepac,1998,6.4
48555,Buck and the Magic Bracelet,1999,2.6
48703,Buddy Boy,1999,5.9
48711,Buddy Joe contre-attaque,1999,5.6
48777,"Buen novio, Un",1998,5.7
48782,Buena onda,1999,6
48793,Buena Vista Social Club,1999,7.2
48823,Buenos Aires me mata,1998,4
48943,Bug Buster,1998,2.9
48950,"Bug's Life, A",1998,7.4
48954,Bugaboo,1999,6.2
49135,Bukkyeong banjeom,1999,4.9
49151,Bulaklak ng Maynila,1999,6
49322,Bullet Ballet,1998,6.5
49338,Bullet on a Wire,1998,6.1
49441,Bulworth,1998,6.9
49468,"Bumblebee Flies Anyway, The",1999,6.2
49618,Bunny,1998,7.4
49740,Bure baruta,1998,7.2
49885,Burlesk King,1999,6.1
49926,Burn,1998,4.5
49933,Burn the Floor,1999,7.6
50073,Bury Me in Kern County,1998,7.6
50076,Bury the Evidence,1998,2.3
50095,Bus Rider's Union,1999,6.6
50100,Bus Stop (1998/II),1998,8.4
50111,"Bus Stop, The (1998/I)",1998,4.8
50115,Bus to Queens,1999,2.8
50444,But I'm a Cheerleader,1999,6.2
50461,Buta no mukui,1999,5
50595,Buttcrack,1998,4.4
50599,Butter,1998,3.1
50823,Buzz,1998,5.7
50971,Bye Bye Africa,1999,6.8
50977,Bye Bye Blue Bird,1999,6
50996,Bye-Bye Souirty,1998,6
51043,Byl jednou jeden polda III - Major Maisner a tancc drak,1999,4
51071,"Bystander From Hell, The",1998,6.9
51237,Bsuto uzu ch seimeitai toransufm supesharu,1998,6.5
51294,Blgene,1998,8
51310,"Bche, La",1999,6.6
51424,C'est pas ma faute!,1999,4.2
51434,C'est quoi la vie?,1999,7.4
51442,"C't' ton tour, Laura Cadieux",1998,5.7
51724,Cache,1998,3.8
51726,"Cachetonneurs, Les",1998,5.8
52058,Caipiranha,1998,5.4
52571,Calla,1999,6
52654,Calling Anne,1999,7.4
52859,"Camera, Two Lights, and a Button, A",1998,2.8
52929,Caminho dos Sonhos,1998,8
53074,Campaign,1999,5.3
53220,"Campus, Der",1998,5.3
53277,"Can I Be Your Bratwurst, Please?",1999,6.5
53323,Can't Hardly Wait,1998,6.2
53327,Can't Stop Dancing,1999,2.6
53747,Candle Smoke,1998,4
53764,Candy (1998/I),1998,6.5
53925,Cannes: The Agony and the Ecstasy,1998,8.8
54027,"Canterbury Tales, The",1998,5.7
54061,Cantique de la racaille,1998,6.4
54364,Cappuccino,1998,6.9
54490,Captain Jack,1999,6.1
54592,Captain Thunderpants,1999,5.9
54631,Captive (1998/I),1998,3.9
54634,Captive Audience,1999,6.4
54740,"Car Stopped..., A",1999,3.8
54890,Cardcaptor Sakura,1999,8
55132,Carlo's Wake,1999,3.8
55253,Carmilla,1999,1.1
55264,"Carnada, La",1999,6.3
55280,Carnal Desires,1999,3
55283,Carnal Fate,1998,3.1
55457,Carnival of Souls,1998,2.8
55636,Carried Away,1998,8.5
55824,Cartoon Noir,1999,7.1
55857,"Carvoeiros, Os",1999,6.5
55866,Carcies,1998,7.7
55874,Cas dluhu,1998,7
56054,"Casablancais, Les",1999,6.3
56125,Cascadeur,1998,4.4
56181,"Case of Majella McGinty, The",1999,8.1
56275,Cash In Hand,1998,5.8
56493,"Castelo R-Tim-Bum, O Filme",1999,6.5
56820,Catalina Trust,1999,6.7
56937,Catfish in Black Bean Sauce,1999,6.8
56958,Catholic School,1999,6.9
57196,Caught Up,1998,4.6
57654,Celebrity,1998,6.1
57727,Cell,1998,6.1
57760,Cellofan - med dden til flge,1998,5
57778,Celos,1999,6.6
57804,Cement,1999,5.2
57832,"Cena, La",1998,6.8
57889,"Census Taker, The",1998,8.5
57981,Central do Brasil,1998,7.8
58014,Centurion Force,1998,1.8
58063,"Cercle, Le",1998,6.6
58125,Cernobl v barve,1999,5.7
58162,Certain Guys,1999,5.4
58248,Cesk soda,1998,8.3
58312,Cetverored,1999,3.8
58329,Ceux qui m'aiment prendront le train,1998,6.8
58360,Cha-cha-ch,1998,6.8
58403,Chachi 420,1998,6.6
58408,"Chacotero sentimental: La pelcula, El",1999,8.1
58414,Chacun pour soi,1998,6.6
58542,Chairman of the Board,1998,2.4
58876,Champions,1998,3.1
58921,Chan sam ying hung,1998,7.2
58949,"Chance to Die, A",1999,5
59096,"Change of Climate, A",1999,5
59105,Change of Heart,1999,7.5
59194,Channelling Baby,1999,4.6
59296,Chao ji zheng gu ba wang,1998,4.4
59375,Chapter Perfect,1998,1.7
59378,Chapter Zero,1999,5.6
59415,Charades,1998,3.7
59491,Charit biz'ness,1998,2.1
59519,Charles Mingus: Triumph of the Underdog,1998,5.9
59624,Charlie Chaplin,1999,1.4
59695,Charlotje,1998,5.7
59749,Charmed & Dangerous,1999,6.5
59759,Charming Billy,1999,6.2
59850,Chasin' Pink,1998,8.8
60084,"Chaverim Shel Yana, Ha-",1999,7.1
60367,Chef!,1999,6
60596,Cheong feng,1999,7.2
60744,Cherry,1999,5.2
60769,"Cherry Orchard, The",1999,6.3
61094,Chiara,1999,4
61161,Chicago Cab,1998,6.4
61234,Chick Flick,1998,7.5
61287,Chicken Pox Pal,1999,7.7
61303,"Chicken Tree, The",1998,1.2
61329,"Chicks, Man",1999,3.9
61340,Chico notre homme  Lisbonne,1999,5.6
61519,Chikin Biznis,1998,8.1
61706,Children of a Laughing God,1999,6.8
61716,"Children of Chabannes, The",1999,8.4
61803,Children of the Revolution,1999,5.8
61812,Children of the Struggle,1999,9.3
61876,Chili con carne,1999,4.9
61888,Chill Factor,1999,5
61900,Chillicothe,1999,7.5
61993,Chin wong ji wong 2000,1999,5.6
62022,China Gate,1998,6.7
62388,Chiu si hung yiu oi,1998,7
62411,Chlebni den,1998,8.1
62430,Chlorine Dreams,1998,6.4
62489,Chocolate for Breakfast,1998,3.1
62520,Choi kek ji wong,1999,7.4
62578,Choke,1999,6
62651,Choodalani Vundi,1998,7.5
62660,Choorian,1998,6.4
62664,Choose Life,1999,8.7
62762,"Chorrito de sangre, Un",1998,8.2
62836,Chow Bella,1998,4.6
62841,Chow moot kwong hyn,1999,5.6
62852,Choyonghan kajok,1998,6.9
62932,Christina's House,1999,3.9
63090,"Christmas Path, The",1998,4.2
63253,Chrono-Perambulator,1999,7
63263,Chrysanthemum,1999,3.5
63311,Chubby Goes Down Under and Other Sticky Regions,1998,4.7
63497,Chunyudleui jeonyuksiksah,1998,5.5
63559,Chutney Popcorn,1999,5.7
63654,"Chteau des singes, Le",1999,6.3
63827,Cidade Fantasma (1999/I),1999,4.9
63832,"Cider House Rules, The",1999,7.5
63856,"Ciel, les oiseaux et... ta mre!, Le",1999,4.9
63866,Cielo ciego,1998,6.5
63874,"Cielo in una stanza, Il",1999,5
63892,Ciemna strona Wenus,1998,5.7
64058,Cinderela Baiana,1998,5.5
64223,Cinq minutes de dtente,1999,5.5
64257,"Cinta roja, La",1999,5.2
64316,"Cinma de notre temps: Takeshi Kitano, l'imprvisible",1999,7.3
64323,Cinma itinrant - Rves et illusions,1998,8.4
64326,Cinma Vrit: Defining the Moment,1999,7.4
64420,Circles,1998,7.6
64625,Cirkeline: Storbyens mus,1998,6.6
64652,Ciro norte,1998,5.6
64726,Citizen Hong Kong,1999,6
64746,"Citizen, The",1999,7.2
64787,City at Peace,1998,6.3
64818,City Hunter Special: Kinky namachkei!? Kyakuhan Saeba Ry no saigo,1999,6.2
64842,City of Angels,1998,6.2
64863,City of Fear (1999/I),1999,2.6
64976,"Ciudad de los prodigios, La",1999,4
65006,"Ciudad, La",1998,6.7
65022,"Civil Action, A",1998,6.4
65041,Civilises,1999,7.1
65099,Claire Dolan,1998,6.4
65101,Claire Makes It Big,1999,6.9
65134,"Clandestine Marriage, The",1999,5.7
65155,Clara,1999,8
65386,Claudine's Return,1998,3.5
65432,Clay Pigeons,1998,6.4
65452,Clean and Narrow,1999,4
65565,Cleopatra's Second Husband,1998,4.5
65602,Click Three Times,1999,9.8
65657,"Climb, The",1998,6.8
65676,Clinch,1999,5.5
65702,Clip Cult Vol. 1: Exploding Cinema,1999,6.7
65747,"Clock, The (1999/I)",1999,2.4
65781,"Clone, Le",1998,4
66011,"Clown at Midnight, The",1998,4.3
66019,"Clown in Babylon, A",1999,7.8
66148,Club Vampire,1998,1.8
66151,Club Wild Side,1998,5
66152,Club Wild Side 2,1998,3
66168,Clubland,1999,3.7
66195,Clueless,1998,6.6
66204,Clutch,1998,4.2
66252,Co chytnes v zite,1999,7.1
66615,Code of Ethics,1999,2.5
66709,"Coeur au poing, Le",1998,6.2
66817,Cohen vs. Rosi,1998,4.5
66887,"Cola Conquest, The",1998,8
66890,Cola for Tea,1999,4
66901,Cold Call,1999,5.3
66928,Cold Feet,1999,5
66936,Cold Harvest,1998,4.5
66939,Cold Hearts,1999,3.8
67093,"Collectors, The",1999,3.6
67169,"Collegians Are Go!!, The",1999,4.4
67209,"Collgues, Les",1999,4.1
67245,Colonel Bunker,1998,8.5
67400,Color-Blinded,1998,8.3
67456,Colorz of Rage,1999,2.2
67481,"Colour of Funny, The",1999,8.2
67709,Combat,1999,3.9
67909,Come te nessuno mai,1999,7.2
68058,"Cometa, El",1999,7.3
68075,Comic Act,1998,4.6
68225,Coming Soon (1999/I),1999,3.8
68362,Comme un poisson hors de l'eau,1999,6.7
68367,Comme une bte,1998,5.2
68418,"Commesso viaggiatore, Il",1999,5.3
68447,"Commissioner, The",1998,6.2
68609,Como Ser Solteiro,1998,7.2
68733,Compensation,1999,6.8
68816,Compromis,1998,5.1
68833,"Comptoir, Le",1998,5.3
68902,"Comtesse de Bton Rouge, La",1998,6
68916,Comdia Infantil,1998,6.6
69319,Confederation Park,1999,8.3
69356,"Confession, The",1998,6.9
69357,"Confession, The",1999,5.7
69385,Confessions of a Call Girl,1998,3.4
69411,Confessions of a Sexist Pig,1998,4
69678,Conquest,1998,6.1
69932,Conte d'automne,1998,7.2
70109,"Contract, The",1998,5
70110,"Contract, The",1999,4.5
70224,Convergence,1999,3.9
70238,"Conversation with Gregory Peck, A",1999,7.1
70252,Conversations in Limbo,1998,6.8
70325,"Convoyeurs attendent, Les",1999,6.7
70366,"Cookie Thief, The (1999/I)",1999,6.1
70367,"Cookie Thief, The (1999/II)",1999,4.8
70368,Cookie's Fortune,1999,6.9
70388,Cool Air,1999,6.4
70424,"Cool, Dry Place, A",1998,6.2
70545,Coppia omicida,1998,2.6
70624,Coraje,1998,7.6
70737,"Cordobs, El",1999,8.4
70797,"Corndog Man, The",1999,6.5
70889,"Coronel no tiene quien le escriba, El",1999,7.2
70893,"Coroner, The",1999,1.5
70904,"Corpo dell'anima, Il",1999,6.5
70925,Corporate Fantasy,1999,2.4
70950,"Corps ouverts, Les",1998,7.9
70975,Corpus,1999,6.3
71127,Corrupt,1999,1.8
71138,"Corruptor, The",1999,5.5
71287,Cosas que olvid recordar,1999,8.5
71449,Cos ridevano,1998,7.2
71465,Cotton Bud,1999,4.9
71479,Cotton Mary,1999,5
71528,"Couloirs du temps: Les visiteurs 2, Les",1998,4.6
71623,Counter Measures,1998,3.9
71798,Coup,1999,5.9
72033,Cousin,1998,6.1
72034,Cousin Bette,1998,6.1
72382,Coyotes,1999,4.8
72459,"Cracker Man, The",1999,5.3
72469,Crackers,1998,6.3
72504,Cradle Will Rock,1999,6.7
72515,"Craic, The",1999,5.1
72562,Crash and Byrnes,1999,4.4
72706,Crazy in Alabama,1999,6.1
72740,Crazy Six,1998,1.7
72810,"Cream Will Rise, The",1998,7.2
72815,Creampuff,1998,9.1
72851,"Creator's Game, The",1999,2
72855,Creature,1999,6.6
72877,Creaturealm: Demons Wake,1998,4.9
72878,Creaturealm: From the Dead,1998,4.3
72932,Cremaster 2,1999,6.2
73353,Criminal Minds,1998,6
73361,"Criminal, The",1999,5.1
73468,"Crisantemo estalla en cinco esquinas, Un",1998,4.8
73578,"Crna macka, beli macor",1998,7.5
73616,Crocodile Tears,1998,4.9
73785,Cross Words,1999,4.6
73826,Crossfire,1998,6.2
73860,"Crossing, The",1999,6.5
73863,Crossmaheart,1998,5.2
73902,Crosswalk,1999,7
73913,Croupier,1998,7.4
74010,Cruel Intentions,1999,6.5
74055,"Cruise, The (1998/I)",1998,7.3
74116,Crush Proof,1999,4.7
74135,Cruz (1998/II),1998,5.2
74152,Cruz e Sousa - O Poeta do Desterro,1998,7.3
74172,Crvena prasina,1999,6.3
74208,"Cry From the Grave, A",1999,8.7
74241,Cry Radio,1998,5.9
74336,"Crateur, Le",1999,6.9
74365,Crnica de un desayuno,1999,4.4
74584,Cuando vuelvas a mi lado,1999,6.7
74600,Cuarteto de La Habana,1999,7.3
74608,"Cuarto oscuro, El",1999,8.4
74747,Cucciolo,1998,3.2
74912,Cuisine amricaine,1998,6.2
74914,Cuisine chinoise,1999,6
75005,Culture,1998,8.1
75006,Culture,1999,5.5
75285,Cupid (1998/II),1998,6.2
75382,"Curacha, ang babaing walang pahinga",1998,5.7
75450,Curiosity & the Cat,1999,3.9
75557,Curse of the Puppet Master,1998,2.6
75581,"Curse, The",1999,4.8
75602,Curtain Call,1999,4.9
75662,Cut,1998,5.3
75674,"Cut Runs Deep, The",1998,6.8
75785,Cybermaster,1999,2.2
75862,"Cyclope de la mer, Le",1999,6.4
75897,Cypress Edge,1999,2.8
76115,Cmplices,1998,5.6
76208,D-Zaka no satsujin jiken,1998,6.2
76276,Da di qin qing,1999,2.6
76333,Da mi je biti morski pas,1999,5
76415,Daag: The Fire,1999,4.9
76436,Daan,1998,6.9
76483,Dachimawa lee,1998,7.4
76505,Dad Savage,1998,5.3
76788,Dags,1998,3
76809,Dahek,1999,5.4
76812,Dahil mahal na mahal kita,1998,6
76813,Dahil may isang ikaw,1999,7
77457,Damned If You Do,1999,7.8
77630,Dance Me to My Song,1998,7.6
77650,"Dance of Shiva, The",1998,8.6
77676,Dance with Me,1998,5.6
77680,"Dance, Dance",1999,3.9
77692,Dancemaker,1998,6.2
77712,"Dancer, Texas Pop. 81",1998,6.8
77758,Dancing at Lughnasa,1998,6.1
77768,"Dancing Cow, The",1999,7.8
77831,Dancing Outlaw II: Jesco Goes to Hollywood,1999,7.3
77848,Dancing with Agnes,1999,7.6
77876,Dandy Dust,1998,4.9
77888,"Dane, The",1998,7.3
78001,Dangerous Acts,1998,8.2
78015,Dangerous Beauty,1998,7
78087,Dangerous Invitation,1998,4.5
78141,Dangerous Proposition,1998,5.4
78453,Dansinn,1998,5
78531,Dante's View,1998,3.5
78657,"Dardos del amor, Los",1998,6.3
78702,Dari Jemapoh ke Manchestee,1998,9.3
78789,Dark City,1998,7.6
78792,Dark Confessions,1998,4.6
78836,Dark Harbor,1998,5
78884,Dark Nova,1999,5.2
78904,"Dark Redemption, The",1999,6.4
78942,"Dark Side of Hollywood, The",1998,6.3
78969,Dark Summer,1999,4.9
78975,Dark Tides,1998,4.1
79025,"Darkest Light, The",1999,6.7
79058,Darkness Falls,1999,5.7
79162,Das Clown,1999,7.1
79298,"Date, The",1999,5.6
79330,"Datum, Das",1998,8.6
79468,Daun di atas bantal,1998,7.2
79559,David Cronenberg: I Have to Make the Word be Flesh,1999,7.7
79585,David im Wunderland,1998,8.8
79727,Day at the Beach,1998,5.5
79758,"Day Grandad Went Blind, The",1998,8.1
79768,"Day in Black and White, A",1999,6
79937,"Day Without a Mexican, A",1998,8.4
79981,Daydrift,1999,5.7
80057,Dazzle,1999,5.3
80166,De janela pro cinema,1999,2.9
80404,Dead Bolt Dead,1999,5.9
80407,Dead Broke,1999,2.3
80409,Dead by Dawn,1998,3.9
80429,Dead Dogs,1999,6.2
80442,Dead End (1998/I),1998,5.2
80444,Dead End (1999/I),1999,6
80492,Dead Leaves,1998,5.2
80493,Dead Letter Office,1998,6.3
80504,Dead Man on Campus,1998,5.4
80513,Dead Man's Curve,1998,5.7
80562,Dead On Time,1999,5.7
80608,Dead Silent,1999,4.2
80724,Deadly Currency,1999,3.4
80732,Deadly Delusions,1999,4.6
80875,Deadtime,1999,7.2
80897,Deal of a Lifetime,1999,4
80902,"Deal, The (1998/II)",1998,6.9
80907,Dealer,1999,7.6
80916,Dealt,1999,6.3
80951,Dear Claudia,1999,5.3
80975,Dear Jesse,1998,6.7
81010,Dear Santa,1998,4.8
81155,Death Mask,1998,4.1
81172,"Death of a Composer: Rosa, a Horse Drama, The",1999,6.7
81263,Death Row the Tournament,1998,8.8
81326,Death: A Love Story,1999,7.5
81432,Debout! Une histoire du mouvement de libration des femmes,1999,9.2
81438,"Debt Collector, The",1999,6.7
81449,"Debtors, The",1999,6.6
81464,Debutante,1998,5.1
81527,Decampitated,1998,3.8
81533,Decay,1998,6.2
81641,"Decline of Western Civilization Part III, The",1998,6.3
81731,Deep Blue Sea,1999,5.6
81767,"Deep End of the Ocean, The",1999,5.9
81776,Deep Impact,1998,5.9
81790,Deep in the Heart,1998,2.8
81880,Deep Rising,1998,5.4
82239,Del olvido al no me acuerdo,1999,7.5
82246,Del perduto amore,1998,6.8
82454,Delivered,1998,4.8
82473,"Delivery, The",1998,3.5
82474,"Delivery, The",1999,5.2
82527,Delta Force One: The Lost Patrol,1999,2.9
82570,Demagogue,1998,6
82598,Dementia,1999,4.1
82758,Demony wojny wedlug Goi,1998,6
82794,Den polnoluniya,1998,6.4
82837,Denial,1998,5
82922,"Dentist II, The",1998,4
83097,Derakht-e-jan,1998,5.2
83098,Derakhte Golabi,1998,8.9
83181,"Dernier bip, Le",1998,7.6
83230,"Dernier souffle, Le",1999,6.7
83305,"Derrire, Le",1999,5.8
83367,Des histoires d'hiver,1999,6.8
83515,Desecration,1999,3.8
83560,Desert Blue,1998,6.2
83663,Desert Thunder,1998,4.5
83825,Desire,1999,6.4
83928,Desperate bekjentskaper,1998,6.5
83929,Desperate But Not Serious,1999,3.9
83969,Desperate Measures,1998,5.6
84005,Desperation Boulevard,1998,7.2
84067,"Desquite, El",1999,6.3
84072,Desserts,1998,7.7
84394,Detention (1998/I),1998,7.2
84395,Detention (1998/II),1998,6.8
84409,Deterrence,1999,6.6
84432,Detonator,1998,3.3
84437,Detour,1999,4.1
84457,Detroit Rock City,1999,6
84486,Deuce Bigalow: Male Gigolo,1999,5.5
84552,Deutsche Polizisten: Viele Kulturen - Eine Truppe,1999,8.8
84861,Devil Doll/Ring Pull,1999,5.3
84869,Devil Girls,1999,3.1
84889,Devil in the Flesh,1998,4.5
85262,"Dezember, 1-31",1999,5.3
85509,"Dia da Caa, O",1999,8.6
85649,"Diakritiki goitia ton arsenikon, I",1998,5.8
85665,Dial H-I-S-T-O-R-Y,1998,7.9
85864,Diamondbacks,1998,1.7
85866,Diamonds,1999,5.2
85975,Diario para un cuento,1998,4.3
85984,Diary,1998,6.6
86282,Die Hard Dracula,1998,1.8
86347,Dief!,1998,6
86432,Dieu seul me voit,1998,7.1
86478,Different Strokes,1998,3.2
86540,Digging to China,1998,6.1
86669,Dil Kya Kare,1999,7.6
86678,Dil Se,1998,7.4
86707,"Dildo Song, The",1999,4.6
86727,"Dilettante, La",1999,6.6
86739,Dill Scallion,1999,4.3
86745,Dillagi,1999,5.9
86847,Din for altid,1999,5.8
86959,Dinner at Fred's,1999,4.8
87118,Diplomatic Siege,1999,3.6
87213,Dirt (1999/I),1999,6.3
87223,Dirt Merchant,1999,3.9
87234,Dirty,1998,6.6
87244,Dirty Baby Does Fire Island,1998,4.2
87429,"Dirty Sanchez, The",1999,4.1
87480,Dirty Work,1998,5.8
87486,Dirty Works,1998,6.2
87498,Dis-moi que je rve,1998,6.9
87814,Disparus,1998,5.6
87879,Distant Shadow,1999,3.6
87900,"Distraction, The",1999,6.7
87926,Disturbing Behavior,1998,5
88030,Divided Into Zero,1999,6.2
88087,"Divine Ryans, The",1999,6.1
88095,Divine Trash,1998,7.1
88166,Divorce Iranian Style,1998,6.6
88180,Divorce: A Contemporary Western,1998,5.9
88195,Divorcing Jack,1998,6.6
88314,Dizzyland,1998,7.2
88410,Dlug,1999,7.7
88541,Do koske,1998,6.5
88559,Do Not Disturb,1999,4.6
88698,Dobermann,1999,6.4
88835,Docteur Chance,1998,3.5
88869,Doctor Dolittle,1998,5.4
88892,Doctor K,1999,4.8
89194,"Dog of Flanders, A",1999,6
89199,Dog Park,1998,5.4
89256,"Dog's Tale, A",1999,2.4
89281,Doggy Bag,1999,3
89288,Dogma,1999,7.3
89323,Dogsbody,1999,6.9
89333,"Dogwalker, The",1999,7.3
89336,Dogwatch,1999,2.5
89341,Doh laai tin sai,1998,7.2
89346,Doi cat,1999,8.4
89397,Dois Crregos,1999,7.7
89435,Dokhtari ba kafsh-haye-katani,1999,7.2
89451,Dokomademo ik,1999,6.9
89563,Dolce far niente,1998,5.1
89567,"Dolce rumore della vita, Il",1999,6.8
89600,Doli Saja Ke Rakhna,1998,8
89759,Dolphins,1999,7.1
89823,"Domaine, Le",1999,9.6
89885,Dominant Seventh,1999,8.5
90111,Don Juan,1998,5.1
90314,Don't Go Breaking My Heart,1999,5.1
90379,"Don't Run, Johnny",1998,2.4
90419,Don't Think Twice,1999,6.8
90468,Donald Cammell: The Ultimate Performance,1998,6.8
90544,Dong,1998,7.4
90647,Donkeyhead,1998,4.9
90710,"Donna lupo, La",1999,5.1
90806,Donten seikatsu,1999,5.1
90883,Doomsday Man,1999,3.6
90928,"Doorman, The",1999,5.9
91166,"Dormez, je le veux!",1998,5.6
91643,"Double de ma moiti, Le",1999,5.6
91769,Double Jeopardy,1999,5.9
91994,Doug's 1st Movie,1999,4.4
92150,Down in the Delta,1998,7
92284,Downhill City,1999,5.8
92323,"Dozen Kliks, A",1998,9.7
92333,Doa Brbara,1998,7.3
92491,Dr. Hugo,1998,8.2
93074,"Dream Catcher, The",1999,7.1
93129,Dream Kitchen,1999,6.5
93261,Dreamers,1999,7.9
93281,Dreaming of Joseph Lees,1999,4.9
93418,Drei Herren,1998,6.7
93532,Dresden,1999,4.5
93694,Drinking Games,1998,6.1
93748,Drive (1998/II),1998,6.4
93762,Drive Me Crazy,1999,5.1
93789,Driven,1998,3.4
93959,Drop Dead Gorgeous (1999/I),1999,6.2
93971,Drop Out - Nippelsuse schlgt zurck,1998,3.5
93986,Dropouts,1999,4.9
94019,Drowning on Dry Land,1999,5.6
94197,Dry Martini,1998,5.2
94217,Drylongso,1998,6.3
94312,Du bleu jusqu'en Amrique,1999,5.8
94435,Du xia 1999,1998,5.6
94436,Du xia da zhan Lasi Weijiasi,1999,4.5
94621,Dudley Do-Right,1999,3.6
94745,Duel (1999/I),1999,4.9
94773,Duel on Planet Z,1999,4.2
94817,Duelo ao Pr-do-Sol,1998,8.6
94978,"Duke, The",1999,5.5
95012,"Dulce olor a muerte, Un",1999,5.5
95040,Dulhe Raja,1998,5.4
95114,Dumbarton Bridge,1999,4.3
95166,Dunav most,1999,3.9
95329,Duplicate,1998,6.1
95365,Durango Kids,1999,4.5
95431,Durusma,1999,5.3
95447,Dushman,1998,5.6
95507,Dut gwat lung yue chin nin chung,1999,6
95517,Dutch Harbor: Where the Sea Breaks Its Back,1998,9
95671,Dvojrole,1999,5.7
95755,"Dybbuk B'sde Hatapuchim Hakdoshim, Ha",1998,7.7
96021,"Dbandade, La",1999,6.2
96041,Dcharge (1999/I),1999,5.3
96111,Dj mort,1998,5.5
96140,Dlit du corps,1998,7.8
96200,"Droute, La",1998,6.3
96323,"Da perfecto, Un",1998,8
96335,"Da que muri el silencio, El",1998,7.3
96382,"Daz de Doris, Los",1999,8.3
96383,"Daz felices, Los",1998,8.4
96395,"Dner de cons, Le",1998,7.5
96420,Ddlig drift,1999,6
96500,E allora mambo!,1999,6.6
96684,"Early 70's Horror Trailer, The",1999,5.3
96728,Earth,1998,7.4
96787,Easier Said,1999,3.7
96799,East Is East,1999,7
96834,East of Hope Street,1998,5.6
96910,Eastside,1999,4.8
97036,Eating Air,1999,5.5
97042,Eating L.A.,1999,3.9
97167,Ecco fatto,1998,7.3
97193,Echo,1999,5.9
97306,Ecstasy,1999,3.5
97343,Ed,1999,5.7
97372,"Edad del sol, La",1999,2.2
97450,"Eden Myth, The",1999,7
97490,Edge City (1998/I),1998,4.9
97517,Edge of Seventeen,1998,7
97542,Edhak el soura tetlaa helwa,1998,5
97597,Editing Is Everything,1999,3
97644,Edtv,1999,6.2
97830,"Effects of Magic, The",1998,3.8
97983,Egy tl az Isten hta mgtt,1999,7.7
98022,Egzekutor,1999,5.7
98137,Eight,1998,7.1
98184,"Eighteenth Angel, The",1998,4.6
98192,"Eighth Plane, The",1998,8.2
98228,Ein str fjlskylda,1998,5.5
98351,"Einstein des Sex, Der",1999,7.6
98385,"Eisbr, Der",1998,6.7
98602,Eko eko azaraku III,1998,5.1
98818,Election,1999,7.4
99132,Elevator World,1999,4.3
99213,Elimination Dance,1998,8.4
99251,Eliska m rda divocinu,1999,5.2
99287,Elizabeth,1998,7.6
99590,Elvis Gratton II: Miracle  Memphis,1999,4.5
99601,Elvis Is Alive! I Swear I Saw Him Eating Ding Dongs Outside the Piggly Wiggly's,1998,4.9
99627,Elvjs e Merilijn,1998,7.3
99668,Em dic Sara,1999,7.8
99767,Embrace the Darkness,1999,2.7
99798,"Embrujo, Un",1998,7.9
99953,Emma,1999,6
100165,Emporte-moi,1999,6.8
100210,Empty Places,1999,5.6
100295,En dag til i solen,1998,7
100316,En el espejo del cielo,1998,7
100469,En plein coeur,1998,5.7
100521,En un claroscuro de la luna,1999,5
100638,Enbamingu,1999,5.4
100661,Enchanted,1998,6.2
100747,Encounter in the Thrid Dimension,1999,4.9
100754,"Encounter, The",1999,5.9
100816,End of Days,1999,5.3
100826,"End of the Affair, The",1999,7
100937,Endgame,1999,5
100995,Endurance,1999,5.7
101049,Enemy Action,1999,5.1
101070,Enemy of the State,1998,7
101124,"Eneste ene, Den",1999,6.7
101132,"Enfant au grelot, L'",1998,7.6
101207,"Enfants de Refus, les global",1998,4.4
101221,"Enfants du marais, Les",1999,7.3
101233,"Enfants du sicle, Les",1999,6.5
101547,"Ennui, L'",1998,6.3
101574,Enough Already,1998,5.6
101593,Enredando sombras,1998,5.8
101631,Ensi tiistaina Brahmsia,1998,3.9
101709,Entering Reality,1999,6.7
101867,Entre las piernas,1999,6.8
101925,Entretanto,1999,3.7
101942,Entropy (1999/I),1999,6
101967,"Entusiasmo, El",1998,6.8
102009,Envy,1999,6.7
102021,"Enzo, domani a Palermo!",1999,6.1
102110,Epic Journeys: The Great Migrations,1999,6.5
102234,Equinox Knocks,1999,5.7
102338,Erasable You,1998,5.6
102343,Eraser Wrestling,1999,5.5
102576,Ernest in the Army,1998,3.6
102663,Eros ja Psykhe,1998,4.5
102940,"Erreur borale, L'",1999,8.3
102951,Error in Judgment,1998,4.8
102964,Erskineville Kings,1999,6.1
102988,"Erste Zug, Der",1999,4.2
103157,Esa maldita costilla,1999,3.2
103268,Escape from Chernobourg,1999,2.7
103273,Escape From Dino Island,1998,4.8
103309,Escape From Wildcat Canyon,1998,4.9
103348,Escape Velocity,1998,3.8
103461,Escrito en el agua,1998,6.2
103631,"Eso habra que verlo, compay",1999,8
103931,Est - Ouest,1999,7.2
103999,"Estate di Davide, L'",1998,6.2
104324,Eternal Memory: Voices from the Great Terror,1998,4.6
104663,Europe & Italy,1999,6.5
104791,Eurpa expressz,1999,3
104877,"Evangelio de las Maravillas, El",1998,6.5
104886,Evas ye,1999,6.4
104891,Evasive Action,1998,4.5
105069,Ever After,1998,7
105083,Everest,1998,7.3
105211,Everybody Loves Sunshine,1999,5
105394,Evil Hill,1999,6.7
105444,"Evil Within, The",1998,3.9
105589,"Examen de minuit, L'",1998,6.3
105598,"Excalibur Kid, The",1999,2.1
105606,Excellent Cadavers,1999,6.3
105647,Exciting Life of a Tree,1999,6.9
105727,Executive Search,1999,4.7
105780,Exhuming Tyler,1999,6.1
105823,eXistenZ,1999,6.7
105826,Existo,1999,6.4
105859,Exklusiv,1999,5.1
105977,"Experiment, Das",1998,9.2
106035,Explodiert,1998,7.5
106157,Expos,1998,3.9
106174,Express: Aisle to Glory,1998,7.4
106205,Extension du domaine de la lutte,1999,6.8
106224,External Affairs,1999,7.1
106266,Extramarital,1999,4.5
106280,Extraordinary Visitor,1998,6.9
106285,Extras,1998,4.7
106328,Extraos,1999,7.1
106334,Extreme,1999,6
106520,Eye of the Beholder,1999,4.4
106666,Eyes Wide Shut,1999,7
106679,Eyll firtinasi,1999,5.7
106737,"F-Zone, The",1999,7
106738,F. est un salaud,1998,6.5
107192,Faces of Death: Fact or Fiction?,1999,1.5
107197,Faces of Gore,1999,4.5
107265,"Faculty, The",1998,6.1
107331,Faeries,1999,5
107333,Fag Hag,1998,2.2
107341,Fah,1998,5.7
107377,Fai seung dat yin,1998,7.3
107398,Faimosul paparazzo,1999,6.2
107491,Fairy Tale,1998,6.6
107526,Fait Accompli,1998,3.9
107527,Fait d'hiver,1999,6.9
107612,Fake - Die Flschung,1998,2.1
107671,"Falaise, La",1998,6.3
107720,Falkehjerte,1999,5
107722,Falkens ga,1998,7
107831,"Fall, The",1998,5.4
107835,Fallait pas!...,1998,5.4
107842,Fallen,1998,6.7
107861,Fallen Arches,1998,2.4
107922,Falling Sky,1998,5.1
107925,Falling to Peaces,1999,5.2
107929,"Falling, The (1998/II)",1998,3.5
107938,Fallout,1998,3.4
108093,"Fame e la sete, La",1999,5.5
108255,Family Attraction,1998,6
108340,Family Plan,1998,4.6
108389,Family Tree,1999,6
108432,Famous Dead People,1999,1.7
108617,Fanny and Elvis,1999,5.9
108683,Fantasia/2000,1999,7.4
108722,"Fantasma dell'opera, Il",1998,3.8
108864,Fantom kiler,1998,4.5
108865,Fantom kiler 2,1999,3.7
108873,Fantozzi 2000 - la clonazione,1999,3.9
108937,Far From Bismarck,1999,6.3
108981,"Far, El",1998,5.8
109004,Farba,1998,6.6
109028,"Fare to Remember, A",1998,5.4
109167,"Farm: Angola, USA, The",1998,7.7
109243,"Farmer's Wife, The",1998,8.5
109252,"Farmhouse, The",1998,5.4
109264,"Faro, El",1998,8
109395,Fashionably L.A.,1999,6.4
109450,Fast Food (1998/I),1998,4.6
109481,Fast Horses,1998,8.1
109502,"Fast perfekte Hochzeit, Eine",1999,7.3
109607,Fatal Affair,1998,4.7
109705,Fatal Pursuit,1998,2
109953,Fatimas tredje hemlighet,1999,3.2
109992,Fatty Drives the Bus,1999,6.5
110251,Fear and Loathing in Las Vegas,1998,7
110314,"Fear: Resurrection, The",1999,2.7
110519,"Feeling Called Glory, A",1999,7.7
110529,Feeling Sexy,1999,6
110732,Felice... Felice...,1998,6.4
110739,Felicia's Journey,1999,7
110981,Femalien II,1998,3.7
111039,"Femme du cosmonaute, La",1998,5.5
111145,Femmina,1998,3.5
111246,Feng yun xiong ba tian xia,1998,6.4
111248,Fengkuang yingyu,1999,6.9
111254,"Feniks, De",1999,6
111299,Ferdinando e Carolina,1999,4.3
111359,Ferkel,1998,6.3
111373,Fermeture de l'usine Renault  Vilvoorde,1998,7.3
111395,Fernando ha vuelto,1998,8.5
111408,FernGully 2: The Magical Rescue,1998,4.5
111557,Festen,1998,8.1
111642,Fetch,1998,6.9
111644,"Fetentoni, I",1999,5
111674,Fette Welt,1998,5.8
111756,Feuerreiter,1998,6.8
111786,Fever (1998/I),1998,6
111789,Fever,1999,5.6
111884,Fibra ptica,1998,6.2
111887,Fica Comigo,1998,5.8
111947,Fidel,1999,6.5
112221,Fifth Ward,1998,3.2
112227,Fifty,1999,5.2
112290,Fight Club,1999,8.5
112504,Fighting Gravity,1998,7.9
112643,Figli di Annibale,1998,6.5
112855,"Fille sur le pont, La",1999,7.4
112917,Film 1,1999,7.1
112953,Film ist.,1998,5.7
113075,Films That Suck,1999,4
113130,"Fils du Franais, Le",1999,4.4
113216,"Fin aot, dbut septembre",1998,6.8
113291,Final Cut,1998,5.8
113376,Final Payback,1999,4.1
113385,Final Rinse,1999,3.3
113415,Final Voyage,1999,3.2
113491,Finding Graceland,1998,6.5
113507,Finding North,1998,6.3
113646,"Finisterre, donde termina el mundo",1998,7.2
113647,Fink fhrt ab,1999,7.9
113673,Fintar o Destino,1998,6.3
113685,Fiona,1998,6.4
113990,Firestorm,1998,4.5
114045,"First 9 1/2 Weeks, The",1998,3.6
114196,"First of May, The",1999,7.3
114208,First Op,1999,5.6
114246,"First Snow of Winter, The",1998,8.4
114342,Fish 073,1999,5.2
114364,"Fish in the Bathtub, A",1999,5.7
114367,Fish Out of Water,1999,3.3
114389,Fishbelly White,1998,6.7
114434,"Fishes of Horror, The",1999,3.2
114435,Fishes Outta Water,1998,7.5
114465,"Fishing Trip, The",1998,6.5
114467,Fishing with Gandhi,1998,5.3
114524,Fists of Freedom: The Story of the '68 Summer Games,1999,8.6
114584,Five Aces,1999,4.7
114667,Five O'Clock Shadow,1998,8.3
114688,Five Seconds to Spare,1999,6.5
114691,"Five Senses, The",1999,6.9
114708,"Five Wives, Three Secretaries and Me",1998,5.3
114984,Flanell No. 5,1998,8.8
115145,Flat Is Beautiful,1998,5.3
115150,Flat Out,1998,5
115169,"Flautista nos Portais do Amanhecer, O",1999,8.6
115179,Flawless,1999,6.1
115666,Floating,1999,6.2
115668,Floating Away,1998,5.9
115811,"Florentine, The",1999,5.3
115820,Flores de otro mundo,1999,7.4
115918,Flowergirl,1999,6.8
116053,Flushed,1999,4.5
116084,Fly Boy,1999,3.4
116154,Flying Blind,1999,6.2
116161,Flying Changes,1999,5
116235,Flying Nansen,1999,6
116309,Flnset,1999,4.6
116345,"Fobici, I",1999,6.3
116471,Folle d'elle,1998,3.9
116550,Follow Your Heart,1998,6.5
116556,Following,1998,7.6
116583,Fomlesen i kattepine,1999,4.2
116646,Fontna pre Zuzanu 3,1999,2.8
116666,Food for Thought,1999,5.9
116750,Foolish,1999,3.1
116826,Foot on the Moon,1999,1
117091,For Love of the Game,1999,6.1
117387,Forbidden Highway,1999,3.4
117424,Forbidden Sins,1998,4.1
117461,Forbudt for brn,1998,6.5
117469,"Force des choses, La",1998,7.5
117478,"Force More Powerful, A",1999,9
117522,Forces of Nature,1999,5.3
117558,Foreign Correspondents,1999,7.4
117656,Forever Fever,1998,6.5
117665,Forever Midnight,1999,4.3
117666,Forever Mine,1999,5.1
117860,Formulas for Seduction: The Cinema of Atom Egoyan,1999,7.8
117958,Fortress 2,1999,4.3
117986,Fortune Cookie,1999,5.9
118140,Fotoamator,1998,4.6
118268,Four Days,1999,5.2
118626,"Fractured Fairy Tales: The Phox, the Box & the Lox",1999,7.5
118642,Fragile,1998,5.5
118724,Framed (1999/I),1999,5.2
118865,Frank Finds Out,1998,8.3
118870,Frank Lloyd Wright,1998,7.9
118895,Frank the Wrabbit,1998,6.6
118946,Frankenstein Reborn!,1998,1.5
119006,"Frankreich, wir kommen",1999,7.6
119009,Franky Goes to Hollywood,1999,4.5
119066,Frat House,1998,7.1
119188,"Frau Rettich, die Czerni und ich",1998,6.5
119251,Frauen lgen nicht,1998,4.5
119315,Freak,1999,3.2
119328,Freak Talks About Sex,1999,5.5
119329,Freak Weather,1998,5.6
119344,Freaks Uncensored!,1999,9.8
119484,Free Enterprise,1998,6.6
119487,Free Fall,1999,5.1
119501,Free Money,1998,4.5
119520,Free Tibet,1998,5.2
119560,Freedom Deep,1998,5.2
119587,Freedom Strike,1998,3.6
119608,Freeriders,1998,6.5
119625,Freeway II: Confessions of a Trickbaby,1999,4.5
119652,Frei parken,1998,5.8
119892,Fresh Air,1999,4.8
120015,Freshmen,1999,7.9
120058,Freundinnen und andere Monster,1998,6.3
120064,Frezno Smooth,1999,1.7
120230,Friends & Lovers,1999,4.1
120392,Frog and Wombat,1998,4.8
120427,Frogs for Snakes,1998,3.5
120537,From Morning On I Waited Yesterday,1998,7.1
120573,From Russia to Hollywood: The 100-Year Odyssey of Chekhov and Shdanoff,1999,4.9
120717,Frontera Sur,1998,6.9
120782,Frontline,1999,6.1
120796,Frosset hjerte,1999,7.3
121242,"Fuente amarilla, La",1999,6.8
121406,Fugue,1998,8.4
121456,Fuks,1999,4.9
121466,Fukuro no shiro,1999,5.8
121484,Fulfilled,1999,5.8
121498,Full Blast,1999,5.7
121525,Full Feedback,1998,7.3
121898,Fuori dal mondo,1999,7.8
122235,Fuyajo,1998,7.2
122247,Fuzzy Logic,1998,6.5
122325,Frden,1999,3.9
122345,F,1998,8.5
122441,Fask,1999,6.4
122553,Fnf Minuten,1998,6.8
122682,G2,1998,2.5
122686,G:MT Greenwich Mean Time,1999,6.4
122688,Ga,1998,5.4
122725,"Gabbianella e il gatto, La",1998,6.2
122749,Gabriel,1999,6.3
122898,Gaias brn,1998,6.5
122917,Gair,1999,4.9
122951,Gakko III,1998,6.8
123003,Galapagos: The Enchanted Voyage,1999,7.5
123034,Galaxy Quest,1999,7.2
123176,Gallo cedrone,1998,5.5
123370,Game Day,1999,4.7
123397,Game of Pleasure,1998,1.9
123418,Game Room,1999,4.3
123446,Gamera 3: Iris kakusei,1999,7.8
123556,Gancheob Li Cheol-jin,1999,7.3
123788,Gangland,1998,5.5
123923,Gannat al shayateen,1999,6.5
124020,Garage Olimpo,1999,7.3
124061,Garcia,1999,5.5
124123,"Gardener, The",1998,3.2
124181,Gargoyle Girls,1998,8.7
124505,"Gathering, The",1998,4.5
124577,Gau sing biu choi,1998,4.2
124896,Geboren in Absurdistan,1999,6.6
125241,Gekij-ban poketto monsut - Myts no gyakush,1998,6.9
125242,Gekij-ban poketto monsut: Maboroshi no pokemon: Rugia bakutan,1999,3.7
125264,Gekko no sasayaki,1999,7.5
125370,Gele prcoce,1999,8.5
125396,Gemide,1999,8.7
125420,Gen 13,1998,5.7
125478,Gendernauts,1999,5.5
125505,General Chaos: Uncensored Animation,1998,6
125542,General Sutter,1999,4.6
125549,"General's Daughter, The",1999,6.1
125557,"General, The",1998,7.1
125578,Generation Ax,1998,5.2
125628,Genfrd,1999,5
125633,Genghis Blues,1999,7.6
125637,Genghis Khan,1998,7
125641,Gengszterfilm,1999,6.5
125675,"Genius of Lenny Breau, The",1999,5.2
125937,"Gense, La",1999,5.3
125942,Geobreeders,1998,7.5
125971,Geonchugmuhan yugmyeongagcheui bimil,1998,4.4
126029,George Lucas in Love,1999,7.2
126115,Georgica,1998,8.2
126495,Get a Job,1998,2.6
126502,Get Bruce,1999,5.8
126548,Get Real (1998/I),1998,7.4
126713,Getting Personal,1998,3.9
126747,Getting to Know You,1999,6.9
127014,Gharwali Baharwali,1998,4.8
127039,Ghess hay kish,1999,7.3
127104,Ghost Dog: The Way of the Samurai,1999,7.5
127329,Ghulam,1998,7.1
127387,Gialloparma,1999,2.8
127432,"Giardini dell'Eden, I",1998,7.7
127480,Gideon,1999,7.3
127496,Gierig,1999,5
127663,Gilbert and Sullivan: The Very Models,1998,4.8
127720,Gimaghin sanaedeul,1998,7
127783,Ginga tetsud Three-Nine: Eternal Fantasy,1998,6.8
127834,"Gingerbread Man, The",1998,5.7
127903,"Gioco, Il",1999,5.9
128085,Girl,1998,5.7
128320,"Girl Is a Girl, A",1999,5.8
128347,"Girl Next Door, The (1999/II)",1999,6.3
128583,"Girl, Interrupted",1999,7
128891,Girls' Night,1998,6.5
129113,Giving It Up,1999,4.1
129268,Glasblsarns barn,1998,6.4
129506,Gloomy Sunday - Ein Lied von Liebe und Tod,1999,7.3
129516,Gloria,1999,4.8
129673,Glria (1999/II),1999,3.6
129757,Gniew,1998,5
129768,Go,1999,7.4
129829,Go to Hell,1999,5.8
129900,Goat on Fire and Smiling Fish,1999,6.5
129932,God,1998,2.8
129997,"God Said, 'Ha!'",1998,7.1
130063,"God, Sex & Apple Pie",1998,4.1
130067,God.com,1998,7.4
130080,Godard  la tl - 1960-2000,1999,5.3
130158,Godmother,1999,5.3
130168,Gods and Monsters,1998,7.6
130176,"Gods of Times Square, The",1999,5.6
130180,Godsend: The Evil Decimation,1999,4.2
130183,"Godson, The",1998,2.6
130184,"Godson, The",1999,3.2
130201,Godzilla,1998,4.3
130204,Godzilla Versus Disco Lando,1998,6.9
130260,Gogwana,1998,7.5
130354,Going Nomad,1998,6.8
130437,Going to Kansas City,1998,6
130484,Gojira ni-sen mireniamu,1999,5.5
130504,Gojitmal,1999,5.9
130639,Gold Fever,1999,7
130753,Golden Earring: Don't Stop the Show,1998,8.7
130949,Goldenrock,1999,6.2
131052,Golf Punks,1998,4.1
131061,Golfballs!,1999,3.6
131128,Golpe de estadio,1998,7.4
131171,Gomez - Kopf oder Zahl,1998,7.4
131215,"Gone du chaba, Le",1998,6.8
131266,Gong yi leng xie jin mian ren,1999,5.8
131342,Goo waak chai ching yee pin ji hung hing sap saam mooi,1998,6.9
131460,Good Grief,1998,7
131489,"Good Lie, A",1998,8.9
131511,"Good Man's Sin, The",1999,6.1
131613,"Good Son, The (1998/I)",1998,4.4
131727,Goodbye Emma Jo,1998,8.7
131739,Goodbye Lover,1998,5.4
131876,Goomer,1999,3.8
131915,Goosed (1999/I),1999,3.1
132125,Goshogaoka,1998,7
132321,"Governess, The",1998,6.1
132369,Goya,1999,6.2
132890,"Grand serpent du monde, Le",1999,5.8
133023,"Grande prugna, La",1999,4.2
133064,"Grandes bouches, Les",1999,5.7
133083,Grandes ocasiones,1998,3.9
133344,Graveyard Jamboree with Mysterious Mose,1999,6.3
133389,Grazie di tutto,1998,7.6
133594,Great Expectations,1998,6.3
133944,"Greatest Places, The",1998,5.3
134004,Green,1998,5.6
134077,"Green Mile, The",1999,8.1
134079,Green Monkey,1998,4.7
134178,Gregory's Two Girls,1999,4.3
134184,Greippi,1999,6.1
134280,Grey Owl,1999,5.7
134435,"Gringos, Los",1999,6.9
134437,Gringuito,1998,6.9
134498,"Grito en el cielo, El",1998,7
134517,Grizzly Adams and the Legend of Dark Mountain,1999,4.9
134518,Grizzly Falls,1999,4.9
134601,"Grosse Bagarozy, Der",1999,5.7
134654,Ground Control,1998,5.9
134789,Groe Gefhle (1999/II),1999,5.9
134879,"Grue Crew, The",1999,5.2
134996,Grne Wste,1999,7.7
135013,GTO,1999,6.1
135016,Gu cheng bielian,1998,5.5
135149,Guardami,1999,6.3
135178,"Guardian, The",1999,3.2
135236,Guds brn,1999,4.5
135289,"Guerra degli Ant, La",1999,6.8
135321,"Guerre dans le Haut Pays, La",1999,4.6
135364,"Guerriero Camillo, Il",1999,4.6
135402,Guest House Paradiso,1999,5.1
135449,Guhuozai jiqingpian zhi hongxing Dafeige,1999,4.6
135469,Gui lin rong ji,1998,5.9
135485,Gui qing ni di hu,1999,3.1
135623,Guinevere,1999,6.2
135897,Gundress,1999,5.6
135914,Gunfighter,1998,2.9
136040,Gunshy,1998,5.4
136073,Guo hai sui dao,1999,5.1
136078,Guo jong,1998,5.2
136079,Guo nian hui jia,1999,7.2
136117,Guru in Seven,1998,3.8
136194,Gut Feeling (1999/I),1999,5.2
136195,"Gut Feeling, A (1999/II)",1999,7
136282,Guy's Dog,1998,7.2
136329,Gwai pin Wong ji joi yin hung bong,1999,4.2
136332,Gwan geun shut daam,1998,6.5
136515,Gypsy Boys,1999,4.3
136643,Gnesis,1998,5.7
136667,Gmeas,1999,8.6
136774,Gnese yolculuk,1999,7.4
136801,H-E Double Hockey Sticks,1999,5.7
136804,H.C. Andersen og den skve skygge,1998,6
137081,Haega seojjogeseo ddeundamyun,1998,5.1
137161,Hai shang hua,1998,7.5
137258,Hairshirt,1998,4.2
137361,Hakuchi,1999,7.3
137470,Half Baked,1998,6.1
137663,Halloween H20: 20 Years Later,1998,5.2
137883,Hamilton,1998,5.8
137968,Hammerman,1998,3.7
138114,"Hand Behind the Mouse: The Ub Iwerks Story, The",1999,6.4
138142,Hand of Fate,1999,9.6
138293,Hanele,1999,5.1
138307,Hang the DJ,1998,6.4
138384,"Hangnail, The",1999,5.9
138537,Hans Staden,1999,7.2
138544,Hans Warns - Mein 20. Jahrhundert,1999,5.4
138593,Hanuman,1998,6.4
138620,Hao qing gai tian,1999,5.7
138683,Happiness,1998,7.7
138725,Happy Birthday to Me,1998,6.8
138760,Happy End (1999/I),1999,3.9
138761,Happy End (1999/II),1999,7.3
138786,Happy Family Plan,1999,6.8
138912,"Happy, Texas",1999,6.4
139001,Hard,1998,3.3
139137,Hard Rain,1998,5.5
139173,Hard Time Romance,1998,5
139373,Harem Suare',1999,5.6
139443,Harlem Aria,1999,5.3
139464,Harlequin's Loving Evangeline,1998,4.1
139641,Harry Knuckles,1998,4.8
139663,Harry Rents a Room,1999,4.2
139751,Harvest,1998,4.6
139820,Hasards ou concidences,1998,6.2
139827,Haseena Maan Jaayegi,1999,6.3
139837,Hasfalmetszk,1999,7.2
139992,Hathi,1998,7.2
140077,Haunted,1998,5.1
140148,"Haunted School 4, The",1999,7.3
140181,"Haunting of Hell House, The",1999,3.9
140193,"Haunting, The",1999,4.6
140283,Haut les coeurs!,1999,7
140336,Have a Periwinkle Day,1998,6.7
140665,Hazaar Chaurasi Ki Maa,1998,7
140783,He Got Game,1998,6.5
140964,Head On,1998,7.3
140990,Headcrusher,1999,4.7
141031,Headlights,1999,6.9
141158,Heart,1999,6.6
141329,Heart of the Sun,1998,4.7
141358,Heart to Heart.com,1999,3.6
141378,Heart: The Marilyn Bell Story,1999,7
141540,Heartwood,1998,5.2
141577,Heater,1999,6.5
141606,Heaven & the Suicide King,1998,2.3
141610,Heaven,1998,6.7
141639,Heaven or Vegas,1999,4.2
141646,Heaven Sucks!,1999,6.1
141892,Hei ma wang zi,1999,5.6
141907,Hei se cheng shi,1999,8.4
141934,Hei yu duan chang ge zhi qi sheng zhu rou,1998,4.1
141938,Heian zhi guang,1999,6.7
141984,Height of the Sky,1999,7.1
142164,Heist,1998,3.8
142170,"Heist, The",1999,4.1
142234,Hela hrligheten,1998,3.4
142258,Held Up,1999,4.4
142264,Helden in Tirol,1998,5.9
142267,Helden und andere Feiglinge,1998,3.4
142269,Helden wie wir,1999,7.2
142366,Hell for Leather,1998,6.9
142390,Hell Mountain,1998,3.8
142464,Hell's Kitchen,1998,4.4
142546,Hello Brother,1999,4.2
142655,Help the Old,1998,8.1
142712,Helten Henning,1998,6.1
142758,Hemingway: A Portrait,1999,4.1
142894,Henry Hill,1999,5.7
142912,Henry Suuri ja kolme viekasta neitsytt,1998,7.8
142950,"Henry: Portrait of a Serial Killer, Part 2",1998,4.6
143280,Her Married Lover,1999,5.4
143545,Herd,1999,7.1
143549,"Herd, The",1998,7.9
143558,Here Am I,1999,8
143684,"Herencia del To Pepe, La",1998,1.7
143842,"Hero for Daisy, A",1999,3.3
143911,Heroes de otra patria,1998,8.4
144046,Herr Zwilling und Frau Zuckermann,1999,8.9
144115,Hersey cok guzel olacak,1999,8.1
144248,Heterosexuality,1998,6.1
144297,Heunggong dai 1 hung chak,1998,4
144451,"Hi, I'm Steve",1999,3.5
144465,Hi-Life,1998,5.5
144466,"Hi-Line, The",1999,5.7
144467,"Hi-Lo Country, The",1998,6
144513,Hiccup,1998,7.4
144521,Hick Trek: The Moovie,1999,3.8
144544,Hidden Agenda,1998,4.9
144681,Hideous Kinky,1998,6.1
144709,Hiekkamorsian,1998,4.9
144763,High Art,1998,6.8
144816,High Freakquency,1998,1.8
145070,Highway,1999,7.8
145169,Hijack,1999,2.9
145312,Hilary and Jackie,1998,7.4
145434,Himalaya - l'enfance d'un chef,1999,7.2
145453,Himitsu,1999,6.4
145583,Hindustan Ki Kasam,1999,4
145598,Hinter dem Regenbogen,1999,4.2
145607,Hinterholz 8,1998,7.2
145609,Hinterland,1999,8
146337,Hisao,1998,4.8
146461,"Historia de I y O, La",1999,5.7
146530,Historia kina w Popielawach,1998,7.2
146617,History Is Made at Night,1999,4.1
146729,Hit and Runway,1999,6.7
146758,"Hit the Highway, Honey",1998,9.5
146883,Hitman's Run,1999,4.2
147052,Ho kong fung wan,1998,7.7
147179,"Hochzeitskuh, Die",1999,7.8
147393,Hold Back the Night,1999,7.1
147485,"Hole in the Head, A",1998,7.2
147494,"Hole, The (1998/I)",1998,6.6
147553,Holiday Romance,1998,7.1
147631,Hollywierd,1999,7.6
147834,Hollywood Salome,1998,7.7
147966,Holy Hollywood,1999,5.2
147972,Holy Man,1998,4.9
147980,Holy Smoke,1999,5.7
147999,Homa ke nero,1999,6.5
148187,Home,1998,7.3
148260,Home Fries,1998,4.9
148335,Home Page,1999,5.2
148384,Home Team (1998/I),1998,3.3
148440,Homegrown,1998,5.6
148648,"Homme de ma vie, L'",1999,5.3
148676,"Homme est une femme comme les autres, L'",1998,6.5
148784,Homo Heights,1998,4.2
148795,Homo Sapiens 1900,1998,8.2
149020,Hong he gu,1999,7
149058,Hong se lian ren,1998,6.5
149078,Hongos,1999,5.8
149275,Hoods,1998,4.9
149332,Hookers In a Haunted House,1999,3.8
149425,"Hop, Skip & Jump",1999,6
149448,Hope Floats,1998,5.3
149511,"Hora de los valientes, La",1998,6.6
149523,"Hora Mgica, A (1998/I)",1998,7.7
149744,Hors jeu,1998,4.3
149804,"Horse Whisperer, The",1998,6.4
149844,Horseshoe,1998,6
149903,Hospital Fragment,1999,5.9
149915,Hospitality,1999,6.7
149934,Hostage,1999,6.3
149949,"Hostage, The",1998,7.3
149967,Hostile Environment,1998,2.5
150061,Hot Boyz,1999,3.2
150088,Hot Club California,1999,2.8
150136,Hot Dogs: Wau - wir sind reich!,1999,2.3
150483,Hot Wax Zombies On Wheels,1999,2.3
150571,Hotel Exotica,1998,3.4
150627,Hotel Room,1998,6.9
150731,Houhokekyo tonari no Yamada-kun,1999,8
150825,"House Divided, A",1998,5.8
151106,House on Haunted Hill,1999,5.1
151411,How Much,1999,6.3
151458,How Stella Got Her Groove Back,1998,5.1
151540,How to Become Famous,1999,4.6
151631,How to Make the Cruelest Month,1998,6.1
151733,How's Your News?,1999,7.4
151935,Hu Tu Tu,1999,6.2
152136,Huanghe juelian,1999,5.9
152229,Huelepega,1999,6
152246,"Huellas borradas, Las",1999,6.1
152346,Hui nin yin fa dak bit doh,1998,6.6
152448,Hum Aapke Dil Mein Rehte Hain,1999,5.8
152453,Hum Dil De Chuke Sanam,1999,7.1
152486,Hum Saath-Saath Hain: We Stand United,1999,6.2
152499,Hum Tum Pe Marte Hain,1999,6.9
152523,"Human Condition, The",1999,8.8
152566,Human Remains,1998,8.2
152584,Human Traffic,1999,6.6
152603,"Humanit, L'",1999,6.8
152619,Humdrum,1998,6.9
152777,Hundred Percent,1998,6.4
152810,Hung wan yat tew loong,1998,5.9
152860,"Hungry Bachelors Club, The",1999,5.2
152945,"Hunter's Moon, The",1999,5.1
153094,Hurlyburly,1998,5.6
153114,Hurrah,1998,4.5
153147,"Hurricane, The",1999,7.3
153201,Huset p kampen,1998,7.7
153204,Hush,1998,4.6
153492,Hyderabad Blues,1998,7.2
153637,Hyppolit,1999,2.7
153645,Hysteria,1998,4.5
153712,Hjyt,1999,6.8
153717,Hlsoresan - En smal film av stor vikt,1999,4
153748,Hrtetest,1998,6.7
153757,"Hupter meiner Lieben, Die",1999,5.4
153836,Hroes y demonios,1999,7.1
154116,I Could Read the Sky,1999,5.4
154128,I Created Lancelot Link,1999,5.9
154178,I Don't Think She's Gonna Call,1999,3.9
154206,I earini synaxis ton agrofylakon,1999,6.1
154283,I Just Want to Kiss You,1998,9
154294,I Kina spiser de hunde,1999,7.3
154621,I Still Know What You Did Last Summer,1998,4
154622,I Still Miss Someone,1999,6.7
154749,I Want You (1998/I),1998,5.7
154773,I Was a Teenage Intellectual,1999,7.8
154822,I Woke Up Early the Day I Died,1998,5
154828,I wonder who's kissing you now,1998,4.9
154854,I'll Be Home for Christmas,1998,4.9
154887,I'll Make You Happy,1999,4.2
154896,I'll Remember April,1999,6.2
154910,I'll Take You There,1999,5.8
154969,I'm Losing You,1998,5.4
154991,I'm on Fire,1999,5.7
155074,"I, Zombie: A Chronicle of Pain",1998,5.3
155201,Icarus Descending,1998,9.3
155248,Ice From the Sun,1999,4.1
155301,Icebreaker,1999,4.1
155359,"Ich Chef, Du Turnschuh",1998,4.3
155506,Ichigensan,1999,6.6
155541,ID Swiss,1999,6.1
155577,Iddaru Mitrulu,1999,5.5
155595,"Ideal Husband, An",1998,7.2
155596,"Ideal Husband, An",1999,7
155684,Idioterne,1998,6.7
155696,Idle Hands,1999,5.3
155797,Idlle,1998,7.4
155832,If I Die Before I Wake,1998,3.8
155835,If I Had a Hammer,1999,5
155869,If On a Winter's Night,1999,5.9
155927,If... Dog... Rabbit...,1999,5.3
156140,"Ik beweeg, dus ik besta",1998,7.9
156230,Ikinai,1998,6.9
156473,Illicit Dreams 2,1998,2.8
156480,Illuminata,1998,5.7
156653,Im Hukim,1998,4.1
156836,Images of a Dictatorship,1999,8.4
156842,Images of Korea,1999,4.8
156883,Imagining Emily,1999,5
157180,Implicated,1998,4.4
157255,"Impostors, The",1998,6.1
157474,In a Savage Land,1999,6.2
157636,In Dreams,1999,5.3
157698,In God's Hands,1998,4.7
157712,In Heaven,1998,5.8
157716,In Her Defense,1998,4.8
157723,In het huis van mijn vader,1998,8.6
157759,In Jest,1999,6.5
157896,In Our Own Hands,1998,6.6
157923,In principio erano le mutande,1999,7.1
157937,In Quiet Night,1998,5.1
158207,In the Flesh (1998/I),1998,5
158227,In the Ghetto,1999,8
158282,In the Hood,1998,7.5
158356,In the Name of the Emperor,1998,8
158393,In the Red,1999,3
158494,In the Winter Dark,1998,5.8
158496,In the Woods,1999,1.7
158528,In Too Deep,1999,5.7
158700,Incantesimo napoletano,1998,6.4
158730,Incest,1998,9
158825,Inconceivable,1998,4.3
158833,"Inconnu de Strasbourg, L'",1998,6.4
158855,Incontri proibiti,1998,5.4
158882,"Incredible Adventures of Marco Polo, The",1998,3.1
159487,Inferno (1999/I),1999,7.2
159599,"Infortunes de la beaut, Les",1999,5.8
159753,"Initiate, The",1998,5.7
159808,Injeong sajeong bol geot eobtda,1999,6.5
160120,Inquietude,1998,5.7
160486,Inside-Out,1999,5.5
160492,"Insider, The",1999,8
160535,Insomnio,1998,7.7
160560,Inspector Gadget,1999,4
160656,Instinct,1999,6.1
160684,Instrument,1998,7.8
160722,Insparables,1999,6.6
160750,Inteha,1998,7
160797,Inter-View,1999,6.9
160809,Interceptors,1999,3.6
160878,Intermezzo,1999,3
160934,International Khiladi,1999,4.4
161111,"Interview, L'",1998,6.9
161115,"Interview, The",1998,7.4
161116,"Interview, The",1999,8.7
161188,Intimate Nights,1998,2
161462,Into His Arms,1999,7
161467,Into My Heart,1998,6.1
161641,"Intruder, The (1999/I)",1999,5.3
161670,"Intruso, El",1999,2.7
161951,"Invisibles, The",1999,3.2
161989,"Invited Guest, An",1999,3.9
162352,"Iron Giant, The",1999,7.8
162410,Iron Thunder,1998,5.9
162878,Island of the Sharks,1999,7.5
162898,"Island, The",1998,4.7
163029,Ispanska muha,1998,5
163209,It Came from Outer Space... and Stuff,1999,5.4
163601,It's Not Easy Being Greek,1998,8.9
163653,It's Tough to Be a Bug,1999,8.1
163779,"Item, The",1999,3.8
163952,Ivoren wachters,1998,6.6
163958,Ivory Tower,1998,6
164183,J'aimerais pas crever un dimanche,1998,4.8
164307,Jaanam Samjha Karo,1999,4.5
164319,Jaanwar,1999,6
164328,Jab Pyaar Kisise Hota Hai,1998,5
164353,Jack & Jill,1998,5.2
164432,Jack Frost,1998,4.5
164635,Jacob Two Two Meets the Hooded Fang,1999,3.1
164878,Jaguimo,1998,5.3
165013,Jaime,1999,7.3
165048,Jak narkotyk,1999,5
165123,Jakob the Liar,1999,5.8
165198,Jam,1999,9.2
165208,Jam session - Kikujiro no natsu koshiki kaizokuban,1999,7.1
165370,"Jan-Gel, the Beast from the East",1999,3
165422,Jane Austen's Mafia!,1998,4.7
165556,Janice Beard: 45 Words Per Minute,1999,6.3
165899,"Jaundiced Eye, The",1999,6.8
165958,Jawbreaker,1999,4.6
165990,Jaya Ganga,1998,6.1
166129,Je rgle mon pas sur le pas de mon pre,1999,6.5
166141,Je suis n d'une cigogne,1999,5.6
166156,Je suis vivante et je vous aime,1998,7
166175,Je taim,1998,6.8
166181,Je treba zabt Sekala,1998,7.1
166191,Je veux tout,1999,4.3
166346,Jeanne et le garon formidable,1998,6.7
166367,Jeans,1998,4.6
166588,Jefftowne,1998,3.7
166601,"Jeg er levende - Sren Ulrik Thomsen, digter",1999,5.9
166643,Jekyll Island,1998,5.6
166652,Jell-Ohh Lady,1999,8.1
166893,Jerome,1998,7.1
166904,Jerry and Tom,1998,6.6
166985,"Jesse 'The Body' Ventura: The Man, the Myth, the Legend",1999,4.6
167043,Jesus 2000,1998,8.7
167068,Jesus' Son,1999,6.9
167251,"Jew in the Lotus, The",1998,5.8
167317,Jezern krlovna,1998,5.5
167321,Jezus is een Palestijn,1999,6.2
167351,Jhooth Bole Kauwa Kaate,1998,4.7
167442,Jiang jian zhong ji pian zhi zui hou gao yang,1999,4.1
167489,Jidu zhongfan,1998,5.8
167538,Jigoku,1999,4.6
167577,"Jikembo of Young Kindaichi, The",1998,6.8
167709,Jimmy the Kid,1999,5.3
167714,Jimmy Zip,1999,5.4
167789,Jin-R,1998,7.4
167834,Jing ke ci qin wang,1999,7.3
167880,Jingtian dongdi,1999,4.8
167891,Jinnah,1998,6.6
167942,Jirai wo fundara saynara,1999,7.3
168235,Joe D'Amato Totally Uncut,1999,7.6
168289,Joe the King,1999,6.1
168299,Joe's Day,1998,6.3
168450,John,1998,9
168633,Johnny,1999,5.5
168642,Johnny Bagpipes,1998,8
168736,Johnny Skidmarks,1998,5.2
168790,Johtaja Uuno Turhapuro - pisnismies,1998,4.7
168793,Joi gin a long,1999,6.6
168904,Jolly Blu,1998,4
168920,Jolly Roger,1998,6.1
168958,"Jonas et Lila,  demain",1999,4.7
169065,Jorge,1998,8.4
169106,Jose Rizal,1998,7.7
169153,Joseph's Gift,1998,6.4
169419,Journey Into Your Imagination,1999,6.8
169449,Journey to a Hate Free Millennium,1999,4
169679,"Joyriders, The",1999,5.6
169689,"Joys of Smoking, The",1999,6.9
169859,Judas Kiss,1998,6.4
169946,Judgment Day: The Ellie Nesler Story,1999,6.6
169991,Judy Berlin,1999,6.7
170247,Juha,1999,7.1
170254,Jui hung 20 nin,1998,5.1
170411,Julie and the Cadillacs,1999,2
170451,Julien Donkey-Boy,1999,5.4
170540,Jump,1999,3.8
170544,Jump Boy,1999,3.9
170630,Jung sa,1998,7.3
170702,"Jungfrau, Die",1999,4.1
170725,Jungle Book: Lost Treasure,1998,4
170730,Jungle Boy,1998,4.6
170885,Junkies,1998,4.5
171035,Just a Little Harmless Sex,1999,5
171052,Just Add Water,1998,8.6
171168,Just Killers,1999,5.3
171191,Just Looking,1999,6.2
171196,Just Married,1998,7.1
171229,Just One Time,1998,6.1
171230,Just One Time,1999,6.7
171270,Just Sue Me,1999,6.2
171278,Just the Ticket,1999,5.4
171301,Just Watch Me: Trudeau and the 70's Generation,1999,6.6
171332,Justice (1998/II),1998,5.3
171491,Juyuso seubgyuksageun,1999,7
171798,Kaas,1999,6.6
171855,Kabhi Na Kabhi,1998,2.2
171866,"Kabit ni Mrs. Montero, Ang",1999,6.8
171877,"Kabouterschat, De",1999,3
171899,Kachche Dhaage,1999,5.3
171910,Kad bih ti rekao,1999,8.9
171919,Kad mrtvi zapjevaju,1999,7.5
172032,Kadosh,1999,7
172137,"Kahapon, may dalawang bata",1999,5.7
172213,Kai Rabe gegen die Vatikankiller,1998,5.9
172801,Kallis hrra Q,1998,7.8
172898,Kalzok,1999,5.5
173187,Kampvuur,1999,7.5
173254,"Kanarini podilato, To",1999,6.7
173370,Kangwon-do ui him,1998,5.9
173514,Kansas,1998,5.3
173595,Kanzen-naru shiiku,1998,6.1
173600,Kanzo sensei,1998,7.3
173601,Kanrek,1999,5.3
173618,Kaosu,1999,6.7
173871,Karaoke (1999/II),1999,5.1
173993,Kareeb,1998,6.4
174005,Karen Black Like Me,1998,6.6
174006,Karen Black: Actress at Work,1999,6.1
174059,Karisik pizza,1998,6.7
174061,Karisuma,1999,6.7
174166,Karnaval,1999,7
174219,Kartenspieler,1999,6.4
174231,Kartoos,1999,5.7
174284,Kasaba,1998,6.7
174517,Kate's Addiction,1999,3.4
174792,"Kaukasische Nacht, Die",1998,6.3
174797,Kaun,1999,6.8
174906,Kayikci,1999,4.1
174911,Kayla,1999,5.5
174978,Kazna,1999,5.5
174983,Kazoku cinema,1998,7.5
174988,Ka para ka,1999,7.5
175106,Keemat,1998,5.4
175198,Keepers of the Frame,1999,7.6
175246,Kegless,1998,3.1
175417,Kelly Loves Tony,1998,7.4
175549,Kennedy et moi,1999,6.8
175590,Kenoma,1998,8.7
175714,Kesher Ir,1999,5.4
175767,Keung gaan 2 chai fook yau waak,1998,4.3
175804,"Key to Sex, The",1998,3.5
175855,Ked Ensa,1999,4.8
176055,Khochu v tyurmu,1999,4.6
176082,Khoobsurat,1999,5.1
176145,"Khrustalyov, mashinu!",1998,7.4
176229,Kick,1999,4.7
176303,"Kid Called Danger, A",1999,5
176348,"Kid in Aladdin's Palace, A",1998,4.3
176393,"Kid with X-ray Eyes, The",1999,3.4
176472,"Kidnappeurs, Les",1998,5
176481,"Kidnapping of Chris Burden, The",1999,8
176532,Kid senkan Nadeshiko: Prince of Darkness,1998,7.2
176550,Kiemas,1999,6.1
176669,Kikujiro no natsu,1999,7.4
176685,Kilerw 2-ch,1999,5.5
176713,Kill by Inches,1999,4.5
176748,Kill the Man,1999,4.8
176758,Kill You Twice,1998,5.7
176811,"Killer Eye, The",1999,2.2
176813,Killer Flick,1998,4.1
176952,Killing Joe,1999,4.4
176975,Killing Off,1999,3.6
176989,Killing the Badge,1999,5.9
176999,Killing Time (1998/I),1998,5
177011,Killing Us Softly 3,1999,8.1
177015,"Killing Zone, The",1999,5.9
177020,"Killing, The",1998,2.4
177089,Kimberly,1999,5.3
177122,Kin'yuu fushoku rett: Jubaku,1999,7.3
177145,"Kind of Hush, A",1999,5.3
177254,"King and I, The",1999,3.8
177284,King Cobra,1999,2.6
177310,King Gimp,1999,8.2
177347,King Lear,1999,6.3
177427,King of the Bingo Game,1999,5.1
177666,Kings,1998,8
177883,Kirikou et la sorcire,1998,7.8
177994,Kismet,1999,5.1
178038,Kiss harggayo,1998,5.2
178087,Kiss My Blood,1998,5.6
178093,Kiss of a Stranger,1999,4.2
178140,Kiss the Sky,1999,5.5
178147,Kiss Toledo Goodbye,1999,4.3
178170,"Kiss, The (1998/II)",1998,9
178207,Kissing a Fool,1998,5.6
178257,Kitajskij serviz,1999,4.3
178291,Kite,1998,6.5
178421,Kizuna,1998,7.5
178631,Kleine Teun,1998,6.7
178675,Kleingeld,1999,7.8
178731,Klinkevals,1999,5.1
178975,Knock Off,1998,3.8
179007,Knocking on Death's Door,1999,4.2
179073,Knuckleface Jones,1999,7.6
179215,Kochira Katsushika-ku Kameari ken mae hashutsujo: The Movie,1999,4
179363,Kohram: The Explosion,1999,6.3
179631,Kolobos,1999,5
179641,Kolorlokl,1998,9.1
179791,Komodo,1999,3.4
180208,Kopfleuchten,1998,5.4
180215,Kopisten,1999,2
180587,Kovat miehet,1999,7.6
180633,Kraa! The Sea Monster,1998,1.7
181005,Krippendorf's Tribe,1998,4.7
181249,Krugerandy,1999,5.3
181255,Kruimeltje,1999,6.8
181407,"Kto, yesli ne my",1998,6.3
181451,Kubanisch rauchen,1999,5.6
181480,Kuch Kuch Hota Hai,1998,7.4
181516,Kudrat,1998,7.4
181623,Kuldesak,1999,5.9
181630,Kulkuri ja joutsen,1999,7
181714,Kumo no hitomi,1998,7.3
181795,Kung Fu Kenobi's Big Adventure,1999,6.1
181860,Kuningasjtk,1998,6.8
181895,Kunoichi ninp ch Yagy gaiden: Edobana jigoku-hen,1998,4.7
181945,Kupi mi Eliota,1998,6
181951,Kuproquo,1999,7.3
181978,Kure melancholik,1999,6.9
182028,Kuro no tenshi Vol. 2,1999,7.8
182050,Kuroi ie,1999,7.4
182071,Kurosawa: The Last Emperor,1999,7
182094,Kurt & Courtney,1998,6.1
182097,Kurt Gerrons Karussell,1999,7.1
182136,Kurz und schmerzlos,1998,7.8
182461,"Kys, krlighed og kroner",1998,6.6
182534,Kpt'n Blaubr - Der Film,1999,7.2
182620,Krlighed ved frste hik,1999,6.4
182692,Knai vdelem,1999,7.2
182843,Kzel a szerelemhez,1999,6.3
182872,Klla tuli,1998,8
182989,L.A. Without a Map,1998,6.1
182998,L.E.T.H.A.L. Ladies: Return to Savage Beach,1998,3.3
183027,La Cucaracha,1998,6.8
183044,La jiao jiao shi,1999,4.3
183335,Ladendiebstahl,1998,9.2
183426,Ladies Room (1999/I),1999,4.9
183779,Lady of the Lake,1998,4.2
183849,"Lady with the Torch, The",1999,8.2
184073,Lajanje na zvezde,1998,7.3
184093,Lake Placid,1999,5.2
184152,Lal Baadshah,1999,6
184219,Lamb,1998,6.6
184225,"Lamb in Despair, A",1999,5.1
184342,Lanai-Loa,1998,3
184376,"Land Before Time More Singalong Songs, The",1999,3.4
184403,"Land Girls, The",1998,6
184523,Landfill,1998,7.3
184543,"Landlady, The",1998,4.2
184786,Lapin kullan kimallus,1999,5.8
184919,Lars from 1-10,1998,3.6
185084,"Last Best Sunday, The",1999,4.7
185086,"Last Big Attraction, The",1999,2.1
185106,"Last Broadcast, The",1998,5.7
185112,Last Call (1999/II),1999,6.7
185121,"Last Call, The",1998,4.5
185131,Last Chance,1999,7.1
185151,Last Cigarette (1999/III),1999,5.3
185152,"Last Cigarette, The (1999/I)",1999,7.4
185201,"Last Days of Disco, The",1998,6.3
185207,"Last Days of Kennedy and King, The",1998,3.3
185220,"Last Days, The",1998,7.6
185295,"Last Good War, The",1999,7.5
185357,"Last Late Night, The",1999,4
185368,"Last Leprechaun, The",1998,1.6
185398,"Last Marshal, The",1999,5.3
185424,Last Night (1998/I),1998,7.3
185566,Last Request,1999,7.3
185596,Last Rites,1998,6.2
185635,"Last Seduction II, The",1999,3.7
185640,"Last September, The",1999,5.7
185715,Last to Surrender,1998,3.5
185736,"Last Tzaddik, The",1998,6.2
185790,"Last Yellow, The",1999,4.9
185841,Late Night Sessions,1999,3.9
185854,Late Show,1999,5.8
185971,Lau sing yue,1999,7
186020,Laughing Dead,1998,7.6
186034,Laughing Out Loud,1998,6
186127,Laura Cadieux... la suite,1999,5.2
186136,Laura non c',1998,4.4
186192,Lautrec,1998,7.2
186558,Lazy Sunday Afternoon,1999,5.4
186732,Learning to Swim,1999,9.3
187032,Lee Jae-sueui nan,1999,4.8
187067,Lef,1999,4.9
187081,Left Luggage,1998,7.3
187125,Legacy (1998/I),1998,3.3
187158,"Legacy: Murder & Media, Politics & Prisons, The",1999,6.1
187237,"Legend of Cryin' Ryan, The",1998,6.2
187345,"Legend of Willie Brown, The",1998,6.2
187442,"Leggenda del pianista sull'oceano, La",1998,7.5
187482,Legionnaire,1998,4.4
187734,Lencera de ocasin,1999,8.8
187768,"Lengua de las mariposas, La",1999,7.3
187814,Lenny Bruce: Swear to Tell the Truth,1998,8.5
187901,"Leonard Bernstein, Reaching for the Note",1999,8.5
188032,Les Pantless Menace,1999,5.7
188138,"Lesser Evil, The",1998,6.7
188225,Let It Come Down: The Life of Paul Bowles,1998,7.4
188275,Let the Devil Wear Black,1999,5.1
188453,Let's Talk About Sex (1998/I),1998,3.6
188504,Lethal Target,1999,3.6
188511,Lethal Weapon 4,1998,6.3
188551,"Letter From Death Row, A",1998,4.4
188558,"Letter from the Western Front, A",1999,6.7
188583,"Letter Without Words, A",1998,7.6
188614,Letters About the Weather,1999,5
188615,Letters from a Killer,1998,5.5
188639,Letters to My Mother's Early Lovers,1999,8.6
188695,"Lettre, La",1998,7.1
188696,"Lettre, La",1999,6.6
188884,Leve blant lver,1998,8.7
189104,Leons de tnbres,1999,6.9
189125,Li chiamarono... briganti!,1999,4.7
189203,Liang Po Po chong chu jiang hu,1999,3.3
189240,Liar's Poker,1999,4.7
189293,Libero Burro,1999,5.3
189325,Liberty Heights,1999,7
189462,Lick the Star,1998,5.7
189563,Liebe deine Nchste!,1998,6
189593,Liebe im Schatten des Drachen,1998,5.3
189886,Liefde in de nacht,1999,4.5
189982,Life,1999,5.7
190031,"Life and Times of Hank Greenberg, The",1998,7.7
190056,"Life Before This, The",1999,6.2
190082,"Life for a Life, A",1998,7.3
190147,Life of a Gigolo,1998,2.2
190253,Life Tastes Good,1999,5.8
190353,"Lifestyle, The",1999,4.9
190377,Lift,1998,7.2
190461,Light It Up,1999,5.7
190463,Light of Darkness,1998,7.5
190675,Like a Hole In the Head,1999,4.2
190698,Like It Is,1998,6.8
190745,Lila Lili,1999,6.5
190834,Lille mnsk,1999,6.2
190838,"Lille pige med svovlstikkerne, Den",1999,6.1
190859,Lillie,1999,7
190930,Limbo,1999,7.1
190951,"Limey, The",1999,7.2
190994,Limp,1999,6
191142,Lingerie Kickboxer,1998,1.2
191304,Lionheart: The Jesse Martin Story,1999,8.2
191440,Lisboa,1999,6.8
191494,"List, The",1998,6.6
191553,Lit feng chin che 2 gik chuk chuen suet,1999,5.2
191566,"Liten julsaga, En",1999,5.8
191576,Lithivm,1998,3.4
191649,"Little Bit of Soul, A",1998,5.9
191677,Little Boy Blues,1999,6.3
191753,Little Dark Poet,1999,3.2
191816,Little Flags,1999,7.6
191882,Little Heroes,1999,5.4
191907,Little Indiscretions,1999,4.4
191985,Little Man,1999,5.3
192344,"Little Unicorn, The",1998,3.1
192349,Little Voice,1998,7.1
192442,Liu Awaiting Spring,1998,6.4
192493,Liv till varje pris,1998,7
192663,Livets dans,1998,1.4
192742,"Living Museum, The",1999,7.5
192748,Living Out Loud,1998,6.5
192791,Living with Pride: Ruth C. Ellis @ 100,1999,6.6
192797,"Living Witness, The",1999,6.9
193170,"Lobos de Washington, Los",1999,6.7
193253,"Lock, Stock and Two Smoking Barrels",1998,7.9
193488,Lola + Bilidikid,1999,7.5
193504,Lola rennt,1998,8.2
193653,Lone Greasers,1998,6.9
193725,Lone Tiger,1998,3.4
193929,Long Hello and Short Goodbye,1999,5.8
194013,"Long Road Home, The",1999,3.3
194035,"Long Strange Trip, or The Writer, the Naked Girl, and the Guy with a Hole in His Head",1999,4.2
194084,Long zai bian yuan,1999,5.7
194086,Long zai jiang hu,1998,5.8
194105,Longe da Vista,1998,6.7
194171,"Look Back, Don't Look Back",1999,4.8
194228,Lookin' Italian,1998,5
194268,Looking for Lola,1998,3.6
194507,Lord of the Road,1999,7.6
194616,Los Enchiladas!,1999,4.7
194640,Loser Love,1999,5.1
194659,Losing Control,1998,3.4
194684,"Loss of Sexual Innocence, The",1999,5.2
194687,Lost & Found (1999/I),1999,4.9
194849,Lost in Space,1998,4.7
194956,"Lost Son, The",1999,6.6
194977,"Lost Treasure of Sawtooth Island, The",1999,5.2
194981,Lost Valley,1998,4.2
194986,Lost Weekend,1999,5.8
194994,"Lost World, The",1998,3.9
195112,Lou Reed: Rock and Roll Heart,1998,7.8
195133,Louie the Fly,1999,5
195135,Louis & Frank,1998,2.6
195151,Louis Prima: The Wildest!,1999,8.2
195173,Louise Brooks: Looking for Lulu,1998,7.8
195194,Louisville,1998,6.3
195272,Love & Pop,1998,8.5
195293,Love (1999/I),1999,6.3
195407,Love and Rage,1998,5.9
195480,Love Bites,1999,6.3
195551,"Love Divided, A",1999,7.4
195583,Love for $17.50,1998,3.5
195593,Love From Ground Zero,1998,6.1
195615,Love Goggles,1999,3.5
195619,Love Happens,1999,6.1
195750,Love Is All,1999,5.6
195771,Love Is the Devil: Study for a Portrait of Francis Bacon,1998,6.5
195788,Love Kills,1998,3.3
195807,Love Letter,1998,8.2
195813,"Love Letter, The",1999,5.3
195835,Love Lies Bleeding,1999,3
196063,Love Stinks,1999,5.1
196285,"Love, Death, & Cars",1999,6.4
196345,Lovebite,1999,6.3
196442,Lovers (1999/I),1999,6.6
196444,Lovers and Liars,1998,5
196457,Lovers Lane,1999,2.8
196549,Loving Jezebel,1999,4
196779,Lucia,1998,8.6
196808,Lucid Days In Hell,1999,7.9
196833,Lucifurs,1998,3.1
196834,Lucignolo,1999,4.2
196844,Lucinda's Spell,1998,2.6
197001,Lucky People Center International,1998,7
197108,Ludovic II: un crocodile dans mon jardin,1999,6.7
197109,Ludovic: The Snow Gift,1998,7.7
197324,Lulu on the Bridge,1998,6
197379,Luminous Motion,1998,3.9
197464,Luna Papa,1999,7
197493,Lunastus,1999,5.8
197706,Lured Innocence,1999,4.4
197729,Lush,1999,4
197808,Lusten till ett liv,1999,5.7
198001,Lycanthrope,1999,4.5
198156,Lyubov zla,1999,3.2
198204,Lgrimas negras,1998,7.7
198488,M.A. Numminen Turns Rabbit - The Universal Declaration of the Rights of the Rabbits,1999,5.9
198527,M/Other,1999,7
198605,Ma petite entreprise,1999,6.3
198618,Ma Sheraiti B'Hebron,1999,6.9
198748,Maang gwai jeung yan toi,1998,5
198892,Macbeth (1998/I),1998,5.1
198897,Macbeth in Manhattan,1999,4.7
198900,Macbeth-Sangrador,1999,8.1
198912,"Macellaio, Il",1998,3.2
199150,Mad Cows,1999,3.5
199532,Made Men,1999,5.7
199564,Madeline,1998,6
199567,Madeline: Lost in Paris,1999,4
200042,Magdalen,1998,8.1
200235,"Magic of Flight, The",1998,5.4
200390,Magik and Rose,1999,5.7
200451,Magnetisrens femte vinter,1999,7
200521,Magnolia,1999,8
200699,Maharaja,1998,4.2
200875,Maid of Honor,1999,4.1
201061,Main Street,1998,6.8
201327,Major League: Back to the Minors,1998,4
201331,Major Saab,1998,6
201378,Makai tensh: The Armageddon,1999,2.9
201572,Making It Home,1998,1
201851,"Making of a New Empire, The",1999,6
201904,Making Sandwiches,1998,5.2
201940,Making Waves,1998,8.7
201986,Mal,1999,4.9
202063,Mala poca,1998,6.8
202090,"Maladie de Sachs, La",1999,7.5
202272,"Male Swagger, The",1999,7.7
202472,Malli,1998,7.7
202602,Mama,1999,6.5
202669,"Mama, ne goryuj",1998,5.8
202732,"Mambospiel, Das",1998,6
202735,Mamb,1998,7.9
202828,Mamy Blue,1999,3.4
202834,Mam es boba,1999,5.3
202882,Man and Dog,1999,5.4
203178,"Man in the Iron Mask, The",1998,5.9
203179,"Man in the Iron Mask, The (1998/II)",1998,3
203252,"Man met de hond, De",1998,6.5
203313,Man of the Century,1999,6.6
203358,Man on the Moon,1999,7.2
203449,Man van staal,1999,6.8
203489,"Man Who Counted, The",1998,5.1
203503,"Man Who Drove with Mandela, The",1998,6.3
203559,"Man Who Might Have Been: An Inquiry Into the Life and Death of Herbert Norman, The",1998,8.2
203642,"Man with Rain in His Shoes, The",1998,6.4
203643,"Man with the Beautiful Eyes, The",1999,8
203696,Man Woman Film,1999,3.1
203969,Manden som ikke ville d,1999,3.7
204403,Mann,1999,7.2
204642,Manolito Gafotas,1999,6.5
204674,"Manor, The",1999,4.5
204684,Manos de seda,1999,5.4
204730,Mansfield Park,1999,7.2
204832,Manuelita,1999,4.4
204926,"Mao Game, The",1999,5.3
204947,"Map of the World, A",1999,6.6
205000,"Mar de Lucas, El",1999,5.5
205063,Marana Simhasanam,1999,6.9
205071,Marara,1998,6.9
205283,Marcie's Dowry,1999,3.9
205366,Mare largo,1998,7.2
205552,Maria Mariana II,1998,5.3
206133,Mark Twain's America in 3D,1998,6.5
206410,Married 2 Malcolm,1998,3.5
206467,Marry Me or Die,1998,3.3
206483,Mars,1998,3
206500,Marsal,1999,6.5
206558,Marta y alrededores,1999,6.6
206596,"Martha, Meet Frank, Daniel and Laurence",1998,6.3
206817,Marvin the Martian: Space Tunes,1999,9
207052,Mascara,1999,4.8
207226,Masks,1998,7.4
207376,Mast,1999,7.1
207692,"Match, The",1999,5.7
207858,"Mating Habits of the Earthbound Human, The",1999,6.4
207947,Matrimoni,1998,6.6
207992,"Matrix, The",1999,8.5
207995,Matroni et moi,1999,6.7
207996,Matroos,1998,6.1
208235,Mauvaises frquentations,1999,6.8
208243,Mau: O Imperador e O Rei,1999,8.4
208247,Maverick's: A Documentary Film,1998,8.2
208335,Max et Bobo,1998,7.1
208525,Maxwell's Demon,1999,4.4
208676,Mayis sikintisi,1999,6.7
208681,Mayonaka made,1999,5
208886,McCinsey's Island,1998,2.6
208952,Me & Isaac Newton,1999,7.1
208984,Me and the Big Guy,1999,7.9
208993,Me and Will,1999,5.5
209061,Me Myself I,1999,6.7
209591,Meet Joe Black,1998,6.5
209626,Meet Prince Charming,1999,4.5
209638,Meet the Deedles,1998,3.3
209653,Meet the Mosaics,1999,4.1
209715,Meeting People Is Easy,1999,7.4
209726,"Meeting, The",1999,6.2
209752,Megacities,1998,6.9
209904,Mei wan mei liao,1999,5.4
209942,Meili xin shijie,1999,6.1
210014,Mein liebster Feind - Klaus Kinski,1999,7.6
210120,Meishaonian zhi lian,1998,6.5
210121,Meishi touzhe le,1998,6.9
210151,"Meisterspiel, Das",1998,8
210204,Mel,1998,4
210569,Memorial Day,1998,2.5
210570,Memorial Day,1999,6.2
210758,Men in Scoring Position,1999,5.1
210790,Men of Means,1999,6.8
210840,Men Under Water,1998,7.1
211025,Menino Maluquinho 2: A Aventura,1998,4.1
211072,Mensaka,1998,6.6
211316,Mercedes,1998,3.8
211358,Merchants of Venus,1998,4.4
211362,Merci mon chien,1999,5.1
211382,Mercury Rising,1998,5.6
211489,"Merkwrdige Verhalten geschlechtsreifer Grostdter zur Paarungszeit, Das",1998,6.8
211508,Merlin: The Return,1999,4.2
211658,Mes amis,1999,5.4
211698,Meschugge,1998,6.7
211757,Message From Moonbase Alpha,1999,9.5
211764,Message in a Bottle,1999,5.5
211824,"Messenger: The Story of Joan of Arc, The",1999,6.2
211825,Messengers,1999,7.2
211836,Messiah,1999,4.9
211941,Metal,1999,3.6
212384,Mi da de suerte,1998,8
212547,Mia aioniotita kai mia mera,1998,7.1
212691,Michael Angel,1998,3.9
212724,Michael Kael contre la World News Company,1998,4.3
212783,"Michel, le magistre du corps",1998,8.5
212837,Mickey Blue Eyes,1999,5.8
213046,Middleton's Changeling,1998,2.7
213110,Midnight Conflict,1998,7.3
213187,Midnight Man,1999,3.8
213215,Midnight Panther,1998,3.8
213299,Midsummer,1999,6.2
213323,"Midsummer Night's Dream, A",1999,6.3
213324,"Midsummer Night's Dream, A",1999,6.3
213380,"Miei pi cari amici, I",1998,6.1
213431,Mifunes sidste sang,1999,7.1
213466,Mighty Joe Young,1998,5.6
213504,"Mighty, The",1998,7.1
213530,Miguel/Michelle,1998,5.5
213759,"Milagro de P. Tinto, El",1998,7.4
213947,Milk (1999/I),1999,5.1
214003,Mille bornes,1999,6.8
214228,Milo,1998,3
214236,Milonga,1999,4.1
214293,Mimi og madammerne,1998,2.7
214359,Min smukke nabo,1999,5.9
214416,Minazuki,1999,6.7
214664,Minimum Wage,1999,7
214671,"Minion, The",1998,3.2
214767,Minotaur and Little Nerkin,1999,3.6
214799,Minulost,1998,8.1
214802,"Minus Man, The",1999,6.2
214872,"Mio viaggio in Italia, Il",1999,8.3
214873,"Mio West, Il",1998,4.2
215027,"Mirada del otro, La",1998,4.8
215234,Mis vacaciones,1999,5
215251,"Misadventures of James Spawn, The",1998,3.7
215252,"Misadventures of Margaret, The",1998,5.3
215274,Misbegotten,1998,3.7
215349,Misery Harbour,1999,5.9
215358,Misfit Patrol,1998,5.6
215433,"Mismo amor, la misma lluvia, El",1999,8
215563,Miss Julie,1999,5.9
215607,Miss Monday,1998,6
215657,Miss Supreme Queen,1999,5.4
215767,Missing Link,1999,5.8
215812,"Missing, The (1999/I)",1999,2.8
216137,"Mistress Club, The",1999,2.9
216162,Mistress of Seduction,1998,2.9
216194,Misty,1998,4.3
216215,Misulgwan yup dongmulwon,1998,7.1
216240,"Misrables, Les",1998,7.1
216486,Mixing Nia,1998,6.1
216524,Mizu no naka no hachigatsu,1998,7
216547,"Mjuke hendene, Dei",1998,8.2
216591,Mlode Wilki 1/2,1998,2.1
216710,Mob Law: A Film Portrait of Oscar Goodman,1998,8.8
216712,Mob Queen,1998,6.1
216738,"Mobutu, roi du Zare",1999,7.6
216782,"Mod Squad, The",1999,3.8
216864,Models,1999,6.2
216878,"Modern Adventures of Tom Sawyer, The",1998,5.5
216970,Modern Vampires,1998,4
217042,Modulations,1998,6.8
217079,Mofa ama,1998,6.4
217421,Molly,1999,5.4
217465,Molokai: The Story of Father Damien,1999,5.9
217466,Molokh,1999,6.4
217486,Mom's Outta Sight,1998,4.3
217488,"Mom, Can I Keep Her?",1998,3.4
217728,"Mon pre, ma mre, mes frres et mes soeurs",1999,5.3
217842,"Monde  l'envers, Le",1998,8.2
217850,Mondialito,1999,5.5
217932,Mones com la Becky,1999,7.3
217947,Money Buys Happiness,1999,5.8
218109,Monk Dawson,1998,6.5
218127,Monkey Business,1998,5.8
218163,Monkey Versus Robot,1999,4.6
218308,Monsieur Naphtali,1999,3.9
218402,"Monster, The",1999,4.7
218474,Montana,1998,5.9
218677,Mooi tin oi lei siu shut,1998,6.9
218679,Mookie,1998,3.4
218695,Moon ching sap daai huk ying ji chek law ling jeung,1998,5
218738,Moonbase,1998,3.5
219026,More,1998,8.6
219145,More Sex and Violence,1998,6.3
219194,More to Love,1999,6.8
219216,"Morel fi, A",1999,5.6
219251,Morgan's Ferry,1999,6.1
219497,"Mort du chinois, La",1998,3.2
219521,Mort  Vignole,1998,7.5
219610,Morten Korch - Solskin kan man altid finde,1999,1.1
219621,Mortice,1999,7.3
219657,Mosaic,1998,7.3
219721,Moskva,1999,5.9
219769,"Most Fertile Man In Ireland, The",1999,4.2
219834,Mosura 3,1998,5.9
219856,Motel,1998,5.2
219859,Motel Blue,1999,4.5
219876,Motello,1998,5.6
219942,Mother Ignacia - Ang uliran,1998,1
220216,"Mots magiques, Les",1998,9
220244,Mou man tai,1999,5.2
220632,Moving Day (1998/I),1998,6.3
220674,Moving Targets,1998,3.2
220890,"Mr. Death: The Rise and Fall of Fred A. Leuchter, Jr.",1999,7.4
221041,Mr. Murakami's Garden,1999,8.3
221343,Mrtvej brouk,1998,6.9
221508,Mu-Mu,1998,2.8
221603,Mud Season,1999,8.8
221637,Mudhalvan,1999,7.2
221756,Muertos de risa,1999,6.3
221963,"Mujer ms fea del mundo, La",1999,6
222071,Muk lau hung gwong,1999,6.9
222112,Mulan,1998,7.2
222274,MuM,1999,3.5
222292,Mumford,1999,6.9
222339,"Mummy, The",1999,6.5
222400,Mundo gra,1999,6.4
222492,Muppets From Space,1999,6
222514,"Mur, Le",1998,6
222633,"Murder in China Basin, The",1999,4.2
222788,Murdercycle,1999,1.9
222861,Muro-ami,1999,6
222896,"Murs du silence, Les",1998,9.2
222947,"Muse, The",1999,5.6
223026,Music From Another Room,1998,6.5
223084,Music of the Heart,1999,6.6
223227,Musketeers Forever,1998,4.3
223337,"Mutantes, Os",1998,7
223349,Mute Love,1999,3.7
223387,Mutiny,1998,4.6
223502,Mutual Love Life,1999,7.1
223600,Muzungu,1999,7.3
223652,My American Vacation,1999,4.9
223762,My Brother Jack,1998,8.8
223768,My Brother the Pig,1999,5.1
223789,"My Child, My Land",1998,7.4
223819,My Day in the Barrel,1998,8.7
223849,My Dog Vincent,1998,6.7
223858,My Engagement Party,1998,1.5
223887,My Father's Angel,1999,7.2
223891,My Father's Hands,1999,4.8
223898,My Father's Story,1999,3.6
223909,My Favorite Martian,1999,4.4
223956,My Friend Paul,1999,6.8
223977,My Giant,1998,5
223984,My Girlfriend's Boyfriend,1999,3.6
223996,My Grandmother Ironed the King's Shirts,1999,6.8
224067,My Lazy White Friends,1998,9.1
224085,My Life So Far,1999,6.5
224153,My Mother Dreams the Satan's Disciples in New York,1998,6.8
224176,My Name Is Joe,1998,7.4
224351,My Sweet Killer,1999,7
224353,My Sweet Suicide,1999,3.9
224539,Mysteries of Egypt,1998,6.3
224691,Mystery Men,1999,5.8
224820,"Mystery, Alaska",1999,6.4
224835,Mystic Nights and Pirate Fights,1998,6.3
224917,Myth America,1998,5.4
224936,"Myth of the Liberal Media, The",1998,7
225079,Mtame mucho,1998,7.7
225121,"Mdchen aus der Fremde, Das",1999,6.9
225337,Muse im Lftungsschacht,1998,5.1
225358,"Mre Christain, La",1998,4.6
225388,Mdia,1999,7
225399,Mditerranes,1999,6.7
225461,"Mmoires d'immigrs, l'hritage maghrbin",1998,8.2
225520,"Mtaphores d'Alex, Les",1999,8.1
225687,Mrkerd,1998,5.9
225844,Na ge bu gou,1999,4.4
225876,Na koniec swiata,1999,3
226132,Nabbie no koi,1999,7.7
226161,Nach dem Fall,1999,8.9
226197,Nachbarn,1999,9
226317,Nachtgestalten,1999,7.8
226352,Nachtvlinder,1999,3.7
226435,Nada en la nevera,1998,6.6
226477,Nadia et les hippopotames,1999,4.2
226484,Nadie conoce a nadie,1999,6.3
226550,Nae maeumui punggeum,1998,7.9
226791,"Nain rouge, Le",1998,6.4
226869,Naked,1999,5.7
226929,Naked Frailties,1998,6.1
226974,"Naked Man, The",1998,4.9
226975,"Naked Man, The",1999,4.2
226988,Naked Pavement,1998,5.4
227204,Namjaui hyanggi,1998,3.1
227377,Nandi,1998,9.4
227413,Nang nak,1999,6.5
227463,Nannan nn,1999,6.3
227605,Nappun yeonghwa,1998,5.8
227911,Nashan naren nagou,1999,8.3
228205,Nathan Grimm,1998,8.2
228395,Nattens engel,1998,4.9
228479,Naturally Native,1998,8.4
228698,Naukar Ki Kameez,1999,5.1
228925,Nazis: The Occult Conspiracy,1998,6
228932,Nazo no tenkousei,1998,5.7
229176,Nebeska udica,1999,6.5
229192,Nebo v almazakh,1999,6.5
229428,"Negotiator, The",1998,7.2
229574,"Nekem lmpst adott kezembe az r, Pesten",1999,7.4
229754,Nemo,1998,7.5
229902,"Nephew, The",1998,6.2
230090,"Nest, The",1999,8.2
230130,Neto's Run,1998,5
230155,"Netz, Das",1999,7.6
230172,Neue Freiheit - keine Jobs,1998,5.4
230324,Never Been Kissed,1999,5.7
230503,"New Adventures of Pinocchio, The",1999,4.3
230533,New Blood,1999,5.4
230568,New Clear Farm,1998,9.9
230685,New Jersey Turnpikes,1999,5.8
230819,"New Swiss Family Robinson, The",1998,4.7
230824,New Testament,1998,7.6
230841,New Waterford Girl,1999,6.4
230861,New World Disorder,1999,4.2
230901,New York City... Come Visit the World,1998,6.7
230968,"New Yorker, Le",1998,5.6
231078,"Newton Boys, The",1998,5.7
231089,Next Big Thing,1998,7.4
231118,Next Stop Wonderland,1998,6.7
231123,Next Time,1998,6.8
231230,Ngo si sui,1998,6.6
231233,Ngoh oi nei,1998,8
231240,Nguol tha,1998,7
231358,Nic,1998,7.8
231396,Nice Guys Sleep Alone,1999,5.8
231479,Nichts als die Wahrheit,1999,7.4
231550,Nico the Unicorn,1998,5.4
231798,"Night at the Roxbury, A",1998,5
231832,"Night Caller, The",1998,3.9
231879,Night Deposit,1999,6.1
231901,"Night Ferris Bueller Died, The",1999,3.1
232142,"Night On the Water, A",1998,5.1
232268,Night Train (1998/I),1998,6.4
232270,Night Train,1999,4.7
232387,Nighthawks,1998,5.7
232439,Nightmare in Big Sky Country,1998,5.7
232450,Nightmare Man,1999,3.3
232770,Nina Hagen = Punk + Glory,1999,6.2
232904,Ningen gokaku,1998,7.1
233058,"Ninth Gate, The",1999,6.3
233065,Ninth Street,1999,7.1
233336,"Nia de tus ojos, La",1998,7.2
233503,No Budget Story,1998,7.4
233515,No Code of Conduct,1998,4.4
233527,No Corao dos Deuses,1999,7.3
233585,No Exit,1998,6.4
233676,No Looking Back,1998,5.4
233782,No More Baths,1998,4.9
233917,No respires: El amor est en el aire,1999,7.7
233948,No se lo digas a nadie,1998,7.9
234040,No Tomorrow,1998,3.4
234044,No trains no planes,1999,8
234055,No Vacancy,1999,4.1
234184,Nobody,1998,5.2
234185,Nobody,1999,6.4
234499,Nocturnu,1998,6
234508,Nodo jiman,1999,6.2
234546,Nohoi oron,1998,6.5
234664,Noll tolerans,1999,6.4
234733,Non lo sappiamo ancora,1999,6.2
234878,Noorderlicht-karakter,1999,7.5
234927,Norang meori,1999,5.5
234954,Nordrand,1999,7.1
235264,Nos vies heureuses,1999,6.6
235392,Not Afraid to Say...,1999,4.6
235412,Not Even the Trees,1998,3.3
235790,Notting Hill,1999,7
235800,Notcias de uma Guerra Particular,1999,7.2
235878,"Nouvelle ve, La",1999,6.3
235986,"Novia de medianoche, La",1998,6.3
236026,Novios,1999,7.7
236084,Now and Then: From Frosh to Seniors,1999,6.2
236140,Nowhere Land,1998,5
236144,Nowhere to Go,1998,5.6
236169,Noz,1999,7.8
236275,Nu tang,1999,5.7
236301,"Nube, La",1998,6.8
236512,Nuit d'amour,1999,9
237015,Nuyorican Dream,1999,6.4
237198,Nvrat idiota,1999,6.9
237201,Nvrat ztracenho rje,1999,4
237291,Nr mor kommer hjem,1998,5.4
237386,Ns Que Aqui Estamos por Vs Esperamos,1998,8.2
237392,N,1998,6.9
237442,"O dwch takich, co nic nie ukradli",1999,4.1
237450,O Ji san he hui dang an,1999,7.7
237454,O kouzelnm zvonu,1998,7.3
237485,O palec,1999,7.9
237591,O-juken,1999,6.3
237612,O.K. Garage,1998,4.4
237783,"Object of My Affection, The",1998,6
237991,Occasional Coarse Language,1998,6.3
238031,"Occult History of the Third Reich, The",1999,6.3
238152,October 22,1998,5.8
238161,October Sky,1999,7.7
238167,Octopus,1998,8.6
238228,"Odd Couple II, The",1998,5.8
238242,Odd Man,1998,8.8
238265,Oddworld: Abe's Exoddus: The Movie,1998,8.1
238269,Ode,1999,5.5
238378,"Odore della notte, L'",1998,6.7
238382,Odoru daisosasen,1998,6.9
238608,Off the Hook,1999,7.3
238659,"Offering, The",1999,9.1
238695,Office Space,1999,7.6
238833,Ogniem i mieczem,1999,6.8
239152,Oi! Warning,1999,6.9
239200,Oinaru genei,1999,4.8
239234,"Oitavo Selo, O",1999,5.1
239440,Okraina,1998,5.8
239496,Ola ine dromos,1998,6.6
239710,"Old Man and the Sea, The",1999,7.2
239773,"Old Place, The",1998,7
239899,Ole Aleksander Filibom-bom-bom,1998,5
240105,Olsen-bandens sidste stik,1998,4.7
240121,Olsenbandens siste stikk,1999,4.6
240165,Olympia,1998,3.7
240185,Olympic Glory,1999,7
240314,"Omega Code, The",1999,3.4
240316,Omega Diary,1999,4.1
240322,Omelette,1998,6.7
240377,Omocha,1999,7.5
240428,On a trs peu d'amis,1998,5.8
240485,On Edge,1999,7
240592,On na ma dut lin na,1998,6.9
240694,On the Border,1998,4.7
240831,On the Q.T.,1999,5.6
240859,On the Ropes,1999,7.3
240865,On the Run,1999,6.8
241209,"Ondergrondse orkest, Het",1998,6.8
241225,One,1998,6.4
241291,One Day Crossing,1999,7.8
241308,One Deadly Road,1998,7
241401,One Heart Broken Into Song,1999,5.5
241405,One Hit Wonder,1999,5.8
241517,One Man's Hero,1999,5.4
241551,One More Kiss,1999,6.1
241650,One of Them,1998,6.4
241691,One Piece!,1999,8.4
241726,One Small Hero,1999,3.5
241729,One Soldier,1999,8.5
241792,One Tough Cop,1998,4.8
241799,One True Thing,1998,7
241801,One Vision,1998,3.5
241898,Onegin,1999,6.4
242044,Only Once,1998,7.8
242404,Oops!,1999,7.1
242530,Open Season,1999,9.6
242621,"Opera Lover, The",1999,6.5
242663,Operacin Fangio,1999,3.3
242687,Operacja Samum,1999,4.9
242702,Operation,1998,9.8
242710,Operation Bluebird,1999,4.2
242729,Operation Delta Force 3: Clear Target,1998,2.9
242731,Operation Delta Force 5: Random Fire,1999,2.9
242790,Operation Splitsville,1999,4
242938,"Opposite of Sex, The",1998,6.7
243002,Opus 66,1998,6.2
243390,Orfeu,1999,6.6
243399,Organ Cranker,1998,8.6
243566,Origin of the Species,1998,2.8
243587,Original Schtick,1999,9.7
243629,Oriundi,1999,7.8
243667,Ormai  fatta!,1999,7.6
243717,Orokamono: Kizu darake no tenshi,1998,8
243795,Orson Welles Sells His Soul to the Devil,1999,7
243900,Osaka monogatari,1999,5.1
243931,Oscar,1998,7.7
244012,Oskar und Leni,1999,7
244041,Osobennosti natsionalnoj rybalki,1998,6.9
244066,Ospiti,1998,8.5
244353,"Other Hollywood, The",1999,6.4
244421,"Other Sister, The",1999,6.1
244567,Otomo,1999,6.7
244592,"Otra conquista, La",1998,7.4
245020,Out in Fifty,1999,2.7
245050,Out of Control,1998,5.2
245053,Out of Courage 2: Out for Vengeance,1999,6.5
245099,Out of Season,1998,5.5
245103,Out of Sight,1998,7.3
245135,Out of the Cold,1999,5.8
245179,Out of the Past,1998,6.8
245217,Out of Time,1998,6.8
245265,"Out-of-Towners, The",1999,5.1
245326,Outer Space,1999,7.5
245332,"Outfitters, The",1999,5.3
245371,Outlaw Prophet,1999,2.6
245480,Outras Estrias,1999,7
245506,Outside Ozona,1998,5.4
245507,Outside Providence,1999,6.1
245543,Outtakes,1998,8.1
245761,Overnight Delivery,1998,5.8
245856,Oxygen,1999,6.1
245888,"Oz Witch Project, The",1999,6.3
245893,Ozark Savage,1999,5.8
245921,Ozzie and Harriet: The Adventures of America's Favorite Family,1998,8.4
245978,P.1,1999,8.2
245996,P.I.G.S.,1999,4.4
246032,P.U.N.K.S.,1999,2.1
246060,Pa'amaim Buskila,1998,7.2
246136,Paau mui,1998,4.8
246272,"Packing Suburbia, A",1999,4.9
246314,Padaiyappa,1999,5.7
246530,Paging Emma,1999,6.8
246642,Pain au chocolat - Chocolate Pain,1999,4.8
246695,Painted Angels,1998,3.2
246854,Paixo Perdida,1998,7.2
246919,"Pakt, Der (1999/I)",1999,3.8
247101,Paljas,1998,6.8
247151,Palmer's Pick Up,1999,3.5
247155,Palmetto,1998,5.6
247174,"Paloma de Marsella, La",1999,6.8
247248,Palwolui Christmas,1998,8.1
247301,Pamplemousse,1999,9.8
247347,Pan Tadeusz,1999,6.1
247494,"Pandora Project, The",1998,2.9
247558,Panic,1999,4.5
247642,Panni sporchi,1999,4.6
247915,Pants on Fire,1998,7.3
248020,Papa's kleine Meid,1999,6.6
248055,Paparazzi (1998/I),1998,5.4
248056,Paparazzi (1998/II),1998,3.4
248085,Paper Bullets,1999,2.2
248124,"Paper Route, The",1999,6.4
248133,Paper-Thin Immortals,1998,5.2
248136,Paperback Hero,1999,5.9
248247,Par coeur,1998,7.2
248443,Paradise Bent: Boys Will Be Girls in Samoa,1999,8.2
248473,Paradise Lost,1999,6.2
248497,"Paradise, Nebraska",1998,6
248524,Paradjanov,1998,2.2
248529,Paradosis,1999,9.2
248539,Paragraph 175,1999,8.2
248641,Paran daemun,1998,7
248660,Paranoia,1998,3.7
248717,"Parasites, Les",1999,5.9
248768,Parasos artificiales,1998,6.3
248805,Pardesi Babu,1998,4.7
248878,"Parent Trap, The",1998,6.4
248937,Pariah,1998,3.9
248975,Paris,1998,6.4
249155,Park,1999,7.4
249161,Park Day,1998,5.3
249249,"Parola amore esiste, La",1998,7
249457,Parting Shots,1999,4.9
249559,"Party Crashers, The",1998,1.8
249599,Party Monster,1998,6.2
249656,Parvaz-e zanbur,1998,5.9
249671,Pars Tombuct,1999,5.9
249681,"Pas de caf, pas de tl, pas de sexe",1999,7.9
249691,Pas de deux,1998,7
249713,Pas de scandale,1999,7
249762,"Pas vu, pas pris",1998,8.2
250379,Past Perfect,1998,4.6
250402,"Pasti, pasti, pasticky",1998,6.7
250438,"Pastry, Pain and Politics",1998,6.8
250514,Patch Adams,1998,6.1
250664,"Patinoire, La",1998,7
250665,Patio 29: Historias de silencio,1998,4.2
250732,Patriot (1998/II),1998,5.9
250745,"Patriot, The (1998/I)",1998,4.1
250831,Patterns,1998,6.4
251011,Paulie,1998,6.2
251012,Paulina,1998,7.6
251028,Paulo e Ana Luiza em Porto Alegre,1998,5.7
251032,Pauls Reise,1999,5.4
251109,"Pavilion, The",1999,5.8
251156,"Pawn, The",1998,3.7
251239,Payback,1999,6.8
251380,Peace Is Every Step: Meditation in Action: The Life and Work of Thich Nhat Hanh,1999,2.9
251514,Pearls Before Swine,1999,3
251529,Peau d'homme coeur de bte,1999,6.3
251548,Peau neuve,1999,6.6
251599,Pecata minuta,1999,5.2
251646,Pecker,1998,6.4
251776,Peep Show,1999,6.6
252079,Pelsky,1999,7.8
252293,Pennyweight,1999,6.4
252524,Pep Squad,1998,4.6
252537,Pepe Guindo,1999,8.2
252571,Peppermint,1999,6.4
252808,Perekryostok,1999,5
252812,Perempuan melayu terakhir,1999,5.6
252877,Perfect Fit,1999,4.2
252925,"Perfect Murder, A",1998,6.4
252974,"Perfect Specimen, The",1999,5.4
253171,"Periwig-Maker, The",1999,6.7
253218,Perlur og svn,1998,6
253227,Permanent Midnight,1998,6.1
253263,Perpetrators of the Crime,1998,4.2
253423,"Persistence of Memory, The",1998,6
253510,Personals,1999,4.7
253514,"Personals, The",1999,4.8
253520,Personne avant toi,1999,7.3
253652,"Pern, sinfona del sentimiento",1999,6.5
253711,"Pesce innamorato, Il",1999,4.2
253862,Pete's Garden,1998,7
253864,Pete's Meteor,1998,4.3
254014,"Petit ciel, Le",1999,4.9
254066,"Petit voleur, Le",1999,6.7
254116,"Petite histoire d'un homme sans histoire, La",1999,7.5
254145,"Petite vendeuse de soleil, La",1999,7.4
254243,Pets,1999,2.3
254281,Pettson och Findus - katten och gubbens r,1999,6.7
254316,Peut-tre,1999,5.8
254416,Phantasm IV: Oblivion,1998,4.4
254439,Phantom Beirut,1998,7.8
254589,Phantoms,1998,4.8
254643,Phil Touches Flo,1998,8.5
254761,Phoenix,1998,6.1
254784,Phone Booth,1998,6.1
254942,Phrpa,1999,6.7
254943,Pi,1998,7.5
254987,"Pianista, El",1998,8.4
255021,Piao liang ma ma,1999,6.7
255043,Pic Pic Andr shoow - Le deuxime,1998,6.9
255106,Piccole cose di valore non quantificabile,1999,6.1
255112,"Piccoli maestri, I",1998,5.9
255353,Picture This,1999,9.2
255499,Piel,1998,8
255578,Pierre Perrault parle de l'le-aux-Coudres,1999,8
255682,"Pigeon Egg Strategy, The",1998,8.5
255696,Pigeonholed,1999,3.6
255748,"Pijnbank, De",1998,5.5
255766,Pikkusisar,1999,5.4
255796,Pila-balde,1999,5.7
255806,Pilbara Pearl,1999,7.1
256075,"Pimps Up, Ho's Down",1999,4.7
256088,Pin-Pon: Le film,1999,2.1
256347,Pinocchio,1999,8.6
256498,Pippi i Sderhavet,1999,4.4
256636,Pirates of the Plain,1999,3.5
256645,Pirates: 3D Show,1999,7.2
256878,Pitk kuuma kes,1999,7
256962,Pizza King,1999,5.7
256972,"Pizza, birra, faso",1998,6.3
257054,"Place Called Chiapas, A",1998,6.8
257058,"Place Called Truth, A",1998,2.7
257114,Place Vendme,1998,6.2
257121,Placebo Effect,1998,4.8
257307,Planet Patrol,1999,2.1
257318,"Planeta de los hippies, El",1999,2.6
257522,Play It to the Bone,1999,5.1
257685,Playboys,1998,2.5
257696,"Players Club, The (1998/I)",1998,4.8
257744,Playing by Heart,1998,7.1
257922,Pleasantville,1998,7.4
257980,Please Kill Mr. Kinski,1999,7
257990,Please!,1999,6.2
258079,Pleasurecraft,1999,2.6
258092,Pleasures of War,1998,9
258133,Plenilunio,1999,6.5
258230,Plug,1998,6.2
258305,Plunkett & Macleane,1999,6.2
258314,"Plus beau pays du monde, Le",1999,6.9
258335,Plus qu'hier moins que demain,1998,6.1
258341,Plus-minus null,1998,7.2
258384,Pltze in Stdten,1998,6.7
258416,Po Mo Knock Knock,1999,7.9
258844,Poika ja ilves,1998,5.8
258869,Point Doom,1999,3.4
259033,Poketto monsutaa: Pikach no natsu-yasumi,1998,3.9
259097,Pokmon: The First Movie,1999,3.4
259128,Pola X,1999,5.8
259208,"Policarpo Quaresma, Heri do Brasil",1998,7
259360,Polish Wedding,1998,5.3
259843,Polvere di Napoli,1998,8.2
259862,"Polyclinique de l'amour, La",1998,7.9
259921,Pommes Schranke,1998,7
259989,Poniedzialek,1998,5.3
260161,"Poolse bruid, De",1998,6.9
260277,Pop & Me,1999,6.4
260280,Pop (1998/I),1998,8.9
260281,Pop,1999,6.3
260288,Pop Corn,1998,8
260305,Pop Tarts,1999,5.6
260407,Poppen,1998,5.3
260416,Poppoya,1999,7.4
260569,Por Trs do Pano,1999,7.7
260626,Porgandite ,1998,8.1
260642,Pork Pie,1998,7.4
260727,Porn to Rock,1999,1.8
260789,"Pornographer, The",1999,5.5
260871,"Port of Last Resort, The",1998,8.3
261055,Portrait of a Young Man Drowning,1999,7.3
261212,Poruno sut,1998,7.3
261240,Poseidon's Fury: Escape From the Lost City,1999,8.6
261273,"Position de l'escargot, La",1999,5.7
261454,Possums,1998,5.3
261467,Post Concussion,1999,7.7
261478,Post Mortem,1999,7.5
261504,"Postal Branco, O",1999,9.6
261509,Postal Worker,1998,2.9
261539,Postel,1998,4.7
261570,Postmortem,1998,5.1
261735,"Poulpe, Le",1998,6.5
261839,Pourquoi pas moi?,1999,7.3
261944,Povratak lopova,1998,3.9
261977,Powderburn,1999,4.5
262261,Practical Magic,1998,5.4
262281,Prague Duet,1998,6.3
262286,Praha ocima,1999,4.4
262348,Praise,1998,7.2
262655,Predators From Beyond Neptune,1999,4.2
262718,"Pregnant Moment, A",1999,4.5
263089,Presence of Mind,1999,5.3
263218,Press Run,1999,3.1
263237,Pressz,1998,7.6
263439,"Price Above Rubies, A",1998,6.5
263707,Prima del tramonto,1999,6.4
263733,"Prima volta, La",1999,5.8
263755,Primary Colors,1998,6.8
263814,"Primeiro Dia, O",1998,7.6
263860,"Primera noche de mi vida, La",1998,7.1
263861,"Primera noche, La",1998,5.8
263974,"Prince and the Surfer, The",1999,4.2
264041,"Prince of Egypt, The",1998,6.9
264363,Pripyat,1999,9.6
264434,Prison Planet 3: The Revenge,1998,8.2
264451,Prison  domicile,1999,4.6
264463,Prisoner of Love,1999,2.8
265069,Pro urodov i lyudej,1998,7
265173,"Process, The",1998,2.1
265272,"Prodigy, The",1999,5.7
265320,"Profecas de Amanda, Las",1999,8.5
265516,Progeny,1998,4.2
265730,Prometheus,1998,6.9
265801,Promne-toi donc tout nu!,1999,5.2
265833,Propaganda,1999,6.4
265873,"Prophet's Game, The",1999,4.9
265876,"Prophet, The (1999/I)",1999,3
265898,"Proposition, The",1998,6
265917,Pros and Cons,1999,3.8
266026,"Protagonists, The",1999,6.1
266052,"Protector, The (1998/I)",1998,2.1
266053,"Protector, The",1999,4.8
266065,Protest,1999,6.3
266166,Provocateur,1998,4.4
266380,Prfrence,1998,4.6
266542,Psy Show,1999,3.5
266575,Psycho,1998,5
266586,Psycho for Milk,1999,6.3
266702,Public Enemy,1999,5.6
266748,"Puce, La",1999,6.4
266913,Puff Daddy TV,1998,2.9
266953,"Puits, Le",1999,7.6
267228,Punitive Damage,1999,6.5
267373,Puppies for Sale,1998,7.4
267393,Pups,1999,5.7
267397,Pupu no monogatari,1998,6.3
267412,Puraido: Unmei no toki,1998,7.1
267444,Pure Fiction,1998,6.6
267453,pURe kILLjoy,1998,5.2
267653,Pushing Tin,1999,5.9
267671,Pusong mamon,1999,7.1
267874,Puta de oros,1999,1.8
268033,"Puzzle, The (1999/I)",1999,5.7
268091,Pyaar Kiya To Darna Kya,1998,5.7
268093,Pyaar Koi Khel Nahin,1999,5
268097,Pyaar To Hona Hi Tha,1998,6.8
268233,Pd,1999,7.8
268277,Ppa Piquillo,1998,2.5
268498,Pdele cuentas al rey,1999,6.7
268540,Pnktchen und Anton,1999,7.1
268557,Q: The Movie,1999,2.2
268558,Qaamarngup uummataa,1998,6.2
268658,Qian bu gou yong,1998,5.8
268682,Qian yan wan yu,1998,7.4
268810,"QM, I Think I Call Her QM",1999,5.1
268945,Quand je serai parti... vous vivrez encore,1999,6.8
269070,"Quarry, The",1998,6.5
269127,Quasimodo d'El Paris,1999,6
269225,Que la lumire soit,1998,7.7
269402,"Queen's Monastery, The",1998,5.5
269407,Queen's Speech,1999,3.7
269507,Quelque chose d'organique,1998,5.9
269588,"Quest for _____, The",1998,7.2
269590,Quest for Camelot,1998,5.5
269680,Question of Privilege,1999,4.8
269712,Questo  il giardino,1999,6.1
269742,Qui plume la lune?...,1999,6.5
269754,"Qui-Gon Show, The",1999,6.6
269819,"Quiconque meurt, meurt  douleur",1998,7.7
269824,"Quidam, Quidam",1999,5.5
270253,Rabbit in the Moon,1999,6.7
270278,"Rabe, Der",1998,6.5
270362,Race for Atlantis,1998,6.6
270586,Radiance,1998,6
270589,Radiation,1998,5.9
270691,Radiofreccia,1998,6.6
270889,Ragdoll,1999,2.8
270896,Rage,1999,5.6
270922,Rage of the Werewolf,1999,4.9
270933,"Rage: Carrie 2, The",1999,4.4
270958,Raghs-e-khak,1998,6.2
270975,Raging Hormones,1999,2.2
271199,"Rain, Drizzle, and Fog",1998,9.7
271208,"Rainbow Avenger, The",1998,2
271355,Raising the Heights,1998,4.9
271360,Raising the Stakes,1999,5.1
271493,Rajaji,1999,4.5
271607,Rakastin eptoivoista naista,1999,7.5
271628,Rakka suru yugata,1998,6.9
271630,"Rakkaudella, Maire",1999,6.9
271696,"Ralo, O",1999,7.4
271862,"Ramoneur des lilas, Le",1998,7
272020,Random Acts of Violence,1999,4.8
272022,Random Encounter,1998,4.2
272026,Random Hearts,1999,4.8
272044,Rane,1998,7.5
272055,Rang-e khoda,1999,7.5
272194,Ranjena zemlja,1999,2
272476,Rasen,1998,5
272482,Rashi: A Light After the Dark Ages,1999,6.6
272585,Rat,1998,4.1
272588,Rat Bastard,1998,7
272640,"Ratas, Las (1998/II)",1998,5
272641,"Ratas, ratones, rateros",1999,8.1
272648,Ratcatcher,1999,7.2
272721,Ratrace,1998,7.1
272821,Raus aus seinen Kleidern,1999,2.8
272878,"Raven... Nevermore, The",1999,6
272881,Ravenous,1999,6.6
272928,Raw Images From the Optic Cross,1998,7
272936,Raw Nerve,1999,4.3
273004,Raymond - sju resor vrre,1999,5.1
273077,Razor Blade Smile,1998,4.4
273082,Razor's Edge,1999,5.7
273178,Reach the Rock,1998,5.9
273185,Reaching Normal,1999,2.7
273250,"Ready, Willing & Able",1999,3.4
273316,"Real Howard Spitz, The",1998,5.2
273333,"Real Macaw, The",1998,4.3
273341,"Real McCoy, The",1999,5.6
273566,"Reasonable Man, A",1999,7.7
273942,Recto/Verso,1999,4.4
273967,Recycled,1999,4.2
274184,Red Light August,1999,4.8
274373,Red Team,1999,4.2
274435,Redball,1999,4.6
274557,"Reef, The",1999,4.5
274721,Reflexus,1998,7.2
274973,Regret to Inform,1998,7.6
275308,Relax... It's Just Sex,1998,7.1
275360,Reluctant Angel,1998,6.1
275471,Remembering Sex,1998,2.2
275530,Removed,1999,3.3
275564,Ren rou ca shao bao II tian zhu di mie,1998,5.6
275719,Renegade Force,1998,5.2
275836,"Repair Shop, The",1998,5.8
275870,"Replacement Killers, The",1998,5.8
276075,Requiem,1998,6.4
276092,Requiem for Murder,1999,4.6
276096,Requiem fr eine romantische Frau,1999,6.2
276309,Ressources humaines,1999,7.3
276335,Restaurant,1998,5.5
276352,Restless,1998,5.5
276385,Restons groups,1998,5
276398,Restraining Order,1999,4.3
276404,Resultado final,1998,3.4
276426,Resurrection (1999/I),1999,5.9
276430,Resurrection Man,1998,4.3
276604,Retribution in the Year 2050,1998,3.6
276610,Retro Puppet Master,1999,2.6
276611,Retro vtroyem,1998,3.7
276875,Return to Paradise,1998,6.7
276910,Return with Honor,1998,8.6
276955,"Reunion, The",1998,4.8
276982,"Revanche de Lucy, La",1998,5.5
277010,Revelation,1999,4.4
277042,Revenge (1999/I),1999,3.2
277123,"Revengers' Comedies, The",1998,5.8
277175,Revisited,1998,7.8
277217,Revoir Julie,1998,5.7
277339,Rewind,1998,3.5
277340,Rewind (1999/I),1999,6.7
277446,Rhapsody in Bloom,1998,6.2
277613,Rice & Potatoes,1998,4.4
277686,Richard Lester!,1998,2.5
277726,"Riches, belles, etc.",1998,7
277763,Rick & Steve the Happiest Gay Couple in All the World,1999,8.8
277803,Ricochet River,1998,4.8
277850,Ride,1998,3
277909,Ride with the Devil (1999/I),1999,6.6
278121,Riding with James Dean,1998,4.7
278151,Rien sur Robert,1999,6.9
278153,Rien  faire,1999,6.4
278366,Rikos ja rakkaus,1999,6.5
278435,Ring,1999,7.1
278526,Ringmaster,1998,2.9
278547,Ringu,1998,7.4
278549,Ringu 2,1999,6.2
278580,"Rio do Ouro, O",1998,7.1
278832,Rising to the Top,1999,7.4
278882,Ristumine peateega,1999,8.1
279022,Rituals and Resolutions,1999,6.6
279168,River Red,1998,5.4
279207,Rivers of Babylon,1998,5.1
279271,Rizo,1999,6.3
279318,Road Hog,1999,6.5
279329,Road Kill (1999/I),1999,7
279372,Road to Albertane,1998,8.6
279383,"Road to Dracula, The",1999,6.9
279385,"Road to Elsewhere, A",1999,7
279593,"Robber, The (1998/I)",1998,6.7
279692,Roberta,1999,3.9
279736,Robin Hood,1998,4.8
279891,Robots of Mars,1999,3.6
279996,Rock 'n' Roll Frankenstein,1999,4.4
280078,Rock Opera,1999,6.8
280091,Rock the Boat,1998,5
280205,Rockin' Good Times,1999,3.8
280285,Rocky IV: An Animation,1999,5.5
280343,"Rode zwaan, De",1999,6.1
280370,"Rodina akroyialia, Ta",1998,3.9
280453,"Rogers' Cable, The",1998,7.4
280478,Rogue Trader,1999,6.1
280666,Rollercoaster,1999,5.3
281059,Romantic Fighter,1999,6.1
281235,Romp,1999,8.8
281281,Ron's Night Out,1999,5.6
281334,Ronin,1998,7
281988,Rosenzweigs Freiheit,1998,5.9
282015,Rosetta,1999,6.8
282035,Rosie,1998,7.5
282163,Rota de Coliso,1999,6.2
282452,Rounders,1998,7.1
282534,Row Your Boat,1998,3.9
282772,RPM,1998,3.2
282823,Ruang talok 69,1999,7.2
282844,Rubber Gloves,1999,5.5
282888,Ruben,1999,4.8
283008,Rudy Blue,1999,7.1
283104,"Rugrats Movie, The",1998,5.6
283145,Rukajrven tie,1999,6.8
283187,"Rules of Engagement, The (1999/II)",1999,6.2
283198,Ruleta,1999,4.6
283221,Rum and Coke,1999,4.4
283410,Runaway Bride,1999,5.4
283497,"Runner, The",1999,5.8
283530,Running Free,1999,4.1
283537,Running Home,1999,6
283558,Running Red,1999,4.8
283590,Running Woman,1998,3.5
283622,Rupan sansei: Hon no kioku Tokyo Crisis,1998,7
283642,Rupert's Land,1998,6.2
283712,Rush Hour,1998,6.7
283739,Rushmore,1998,7.7
284176,Rcrations,1998,8.7
284259,"Rvolution sexuelle n'a pas eu lieu, La",1999,7
284331,Ro escondido,1999,5.8
284355,"Rzsa vre, A",1998,5.8
284511,S.,1998,4.5
284552,S.O.S.,1999,6.5
284678,Sa pusod ng dagat,1998,7.7
284730,Saan chuen liu shut,1999,4.6
284986,"Sache der Natur, Eine",1999,6.6
285048,Sacrifice,1999,5.7
285101,Sada,1998,6
285227,Saenggwabu uijaryo cheonggu sosong,1998,3.8
285308,Safe Journey,1999,6.9
285310,Safe Men,1998,6
285318,Safe Sex,1999,6.2
285332,Safer,1999,4.5
285695,Saimin,1999,6.3
285947,Salaakhen,1998,6.6
285968,Salam,1999,7.7
286040,Sale battars,1998,6.9
286066,"Salesman, The (1999/I)",1999,4.2
286104,Salkim hanimin taneleri,1999,7.6
286136,Sally Marshall Is Not an Alien,1999,3.7
286435,Sam and Mike,1999,8.5
286441,Sam Fooi,1999,7
286469,Sam yuen yi ma,1999,7
286626,Samehada otoko to momojiri onna,1998,6.7
286712,Sammyville,1999,2.3
286978,San giu cheung yee sang,1999,2.5
286979,San goo waak chai ji siu nin gik dau pin,1998,6.1
286988,San ju chi lian,1999,5.4
286998,San luen oi sai gei,1998,6.9
287038,San tiao ren,1999,4.5
287088,Sanam,1999,7.2
287157,Sand Trap,1998,4.6
287392,Sangharsh,1999,5.1
287560,Sanna gonblick,1998,4.9
287839,Santitos,1999,7
287882,Santo Forte,1999,5.1
287958,Sapatos Pretos,1998,5.2
288242,Sarfarosh,1999,8.3
288264,Sari & Trainers,1999,6.9
288301,Saroja,1999,6.1
288384,Sasori: Joshuu 701-g,1998,4.7
288417,Sat sau ji wong,1998,5.8
288420,Sat yip wong dai,1999,6.7
288751,Saturn,1999,6.1
288766,Satya,1998,8.4
289098,Saving Grace,1998,3.5
289109,Saving Private Ryan,1998,8.3
289112,Saving Ryan's Privates,1998,6
289128,Savior,1998,7.2
289193,Sawdust Tales,1998,8.1
289265,Say You'll Be Mine,1999,5
289325,Sad,1999,6.3
289427,Scandal: On the Other Side,1999,1.7
289443,Scandalize My Name: Stories from the Blacklist,1998,8.5
289490,Scar City,1998,4.7
289564,Scarfies,1999,6.7
289634,"Scarlet Tunic, The",1998,5.1
289656,Scars Don't Sweat,1999,1
290140,Schlaraffenland,1999,6.3
290198,"Schlfer, Die",1998,4.8
290244,Schnee in der Neujahrsnacht,1999,6.2
290438,Schpaaa,1998,5.9
290440,"Schpountz, Le",1999,2.6
290719,Schwestern,1999,5.6
290746,Schfchen zhlen,1999,6.2
290924,Scomparsa,1998,9.4
291001,Score 2: The Big Fight,1999,6.5
291046,Scorpio Nights 2,1999,6.8
291071,Scotch and Milk,1998,4.8
291095,Scott's Play,1999,5.9
291123,Scout's Honor,1999,6.2
291165,Scrapbook,1999,7.2
291179,Scrapple,1998,6.9
291421,Screening,1998,6.2
291466,Script Doctor,1999,6.7
291469,Scriptfellas,1999,9.2
291504,Scrubs,1999,7.1
291576,Scnes de lit,1998,5.6
291612,Se buscan fulmontis,1999,6.3
291708,"Sea Change, The",1998,4.9
291876,Seamless: Kidz Rule,1999,1.5
292115,"Second Arrival, The",1998,3.6
292138,Second Chances,1998,3.7
292150,"Second Comeback, The",1999,8
292162,Second Date,1999,7.2
292233,Second Skin,1998,5.2
292270,"Seconda moglie, La",1998,7.2
292388,Secret dfense,1998,8.1
292444,"Secret Kingdom, The",1998,3.4
292446,"Secret Laughter of Women, The",1999,4.9
292457,"Secret Life of Girls, The",1999,5.1
292539,Secret of the Andes,1999,4.3
292579,"Secret Pact, The",1999,5.5
292596,Secret Pleasures,1999,2.3
292766,Secretos compartidos,1998,5.1
292815,Secrets of a Chambermaid,1998,5.2
292850,"Secrets of My Heart, The",1998,5.9
293014,Seducing Maarya,1999,4.3
293316,Segimal,1999,6.4
293373,"Segunda noche, La",1999,5.9
293386,Segundo siglo,1999,7.1
293469,Sei yan bong ji chin lut gau sai,1999,4.5
293629,Seitsemn laulua tundralta,1999,7
294036,Senario the Movie,1999,7.3
294165,Sennen tabito,1999,6.6
294236,Senseless,1998,5.3
294315,Senta a Pua!,1999,8.6
294675,Serebryanye golovy,1998,7.8
294722,Serengeti Symphony,1998,6.8
294762,Sergei Eisenstein. Meksikanskaya fantasiya,1998,3.9
294781,Sergio Lapel's Drawing Blood,1999,4.2
294796,Serial Lover,1998,7.3
294828,"Serpent a mang la grenouille, Le",1998,7.2
294896,"Serva Padrona, La",1998,8.4
295112,Seth,1999,7.2
295119,Sethu,1999,8.3
295194,"Settlement, The",1999,5.4
295210,Seul contre tous,1998,7.2
295320,Seven Girlfriends,1999,5.7
295425,Seventeen Years to Earth,1998,6.8
295459,"Seventh Sense, The (1999/I)",1999,3.6
295702,Sex Education,1999,3.7
295722,Sex Files: Digital Sex,1998,2.9
295724,Sex Files: Pleasure World,1998,3.3
295725,Sex Files: Pleasureville,1999,3.4
295726,Sex Files: Portrait of the Soul,1999,4.2
295727,Sex Files: Sexecutioner,1998,3.4
295728,Sex Files: Sexual Matrix,1999,2.7
295826,"Sex Monster, The",1999,5.1
296053,Sex/Life in L.A.,1998,5.2
296055,Sex: The Annabel Chong Story,1999,5.4
296154,"Sexo, pudor y lgrimas",1999,7.2
296223,Sextrospective,1999,5.9
296234,Sexual Chemistry,1999,2.3
296510,SF: Episode One,1998,7.2
296582,"Sha sha ren, tiao tiao miu",1998,5.8
296629,Shabondama Elegy,1999,4.4
296660,Shacky Carmine,1999,4
296666,"Shade, The",1999,5.6
296671,Shades,1999,4.1
296727,Shadow Boxers,1999,5.8
296729,Shadow Builder,1998,4.4
296734,Shadow Creature,1999,3.3
296765,"Shadow Men, The",1998,3.9
296771,Shadow of a Drought,1999,7.4
296785,Shadow of Doubt,1998,5.1
296851,Shadow Run,1998,4.9
296972,Shadrach,1998,6.3
297115,Shakespeare in Love,1998,7.5
297126,Shakespeare... In and Out,1999,5.9
297233,Shame No More,1999,6.3
297242,"Shame, Shame, Shame",1998,3.6
297299,Shan gou 1999,1999,4.8
297321,Shandra: The Jungle Girl,1999,2.2
297558,Shapeshifter,1999,1.7
297635,Shark Attack,1999,3.1
297641,Shark in a Bottle,1998,3.3
297775,Shattered Image,1998,4.4
298075,She's Alive! Creating the Bride of Frankenstein,1999,6.8
298076,She's All That,1999,5.5
298119,She's Too Tall,1998,5.4
298252,Sheid gurvu,1999,6.5
298308,Shelter (1998/I),1998,4.3
298406,Sheng ren wu jin zhi wen mi,1999,4.7
298431,Shepherd,1999,1.8
298474,Sherdil,1999,4.2
298479,Shergar,1999,3.8
298781,Shigatsu monogatari,1998,7.6
298836,Shikoku,1999,5.9
298853,Shiloh 2: Shiloh Season,1999,5.6
298857,Shilrakwon,1998,5.1
299074,Shinjang gaeub,1998,5.9
299533,"Shoe Store, The",1999,9.7
299534,"Shoe, The",1998,5.8
299550,Shoes Off!,1998,7
299561,Shogun Cop,1999,6.7
299637,Shool,1999,8.1
299819,Short,1999,6.1
299899,"Short Wait Between Trains, A",1998,7
300054,Show & Tell,1998,7.5
300085,Show Girls,1999,4.2
300096,Show Me Your Tattoo,1999,9.8
300341,Shrink,1998,5.6
300350,"Shrunken City, The",1998,4.4
300425,Shucking the Curve,1998,6.9
300594,Shjo kakumei Utena: Adolescence mokushiroku,1999,6.8
300660,"Si je t'aime, prends garde  toi",1998,6.4
300772,Siam Sunset,1999,6.2
300791,Sib,1998,7.5
300801,Siberia,1998,6.9
300810,Sibirskij tsiryulnik,1998,7
300834,Sicilia!,1999,7.8
300913,Side Streets,1998,6.4
301028,Sieben Monde,1998,5.4
301048,"Siebtelbauern, Die",1998,7.2
301059,"Sieg, Der",1998,9.3
301077,"Siege, The",1998,5.9
301088,Siegfried & Roy: The Magic Box,1999,3.7
301148,Siesta,1998,3.3
301156,"Siestes Grenadine, Les",1999,6.3
301161,Siete cafs por semana,1999,6.8
301271,Sign of the Times,1999,6.8
301342,"Signor Quindicipalle, Il",1998,5.7
301511,Silence (1998/III),1998,6.4
301557,"Silencer, The",1999,4.1
301705,Silent Rain in the Ninth,1998,6.2
301806,Silicon Towers,1999,3.5
301887,Silmand - Tourbillon,1998,7.3
301889,Silm silmst,1999,4.4
301909,Silsila Hai Pyaar Ka,1999,4.2
302030,Silver Wolf,1998,5.8
302038,Silverstar,1999,5.9
302053,Silvia Prieto,1999,6.2
302130,Simon Birch,1998,6.8
302143,Simon Magus (1999/I),1999,5.8
302145,Simon mgus (1999/II),1999,7.2
302149,Simon Says,1998,7.8
302150,Simon Sez,1999,2.5
302184,Simpatici & antipatici,1998,2.4
302185,Simpatico,1999,4.4
302203,"Simple Game of Cutthroats, A",1998,1
302221,"Simple Plan, A",1998,7.6
302256,Simply Irresistible,1999,4.7
302303,Simo o Fantasma Trapalho,1998,1.7
302358,"Sin nombre, Los",1999,6.2
302386,Sin sostn,1998,7.6
302458,Sinbad: The Battle of the Dark Knights,1998,1.8
302481,Sind Sie Luigi?,1999,4.8
302575,Sinful Obsession,1999,2
302600,Sing Faster: The Stagehands' Ring Cycle,1999,7.3
302634,Sing yuet tung wa,1999,5.7
302772,Single Spaced,1998,6
303002,Sip si ling dou - cheun gwong tsa sit,1999,8.3
303097,Sirf Tum,1999,6.5
303150,Sisa,1999,8.2
303195,Sista kontraktet,1998,6.3
303334,Sitcom,1998,6.8
303445,Six Days in Roswell,1998,6.8
303447,Six Days Seven Nights,1998,5.5
303537,Six-String Samurai,1998,6
303563,"Sixth Scent, The",1999,4.7
303564,"Sixth Sense, The",1999,8.2
303649,"Sjunde skottet, Det",1998,2.1
303664,Sjn (1999/I),1999,4.7
303748,Skate,1998,6.2
304360,Skyggen,1998,4.6
304477,Slam,1998,7.1
304499,SlamNation,1998,6.6
304535,Slappy and the Stinkers,1998,3.9
304642,Slaves of Hollywood,1999,4.9
304691,SLC Punk!,1999,7
304712,Sled kraja na sveta,1998,6.3
304747,"Sleep Room, The",1998,5.3
304770,Sleeping Beauties,1999,4.5
304795,Sleeping Dogs,1998,4.2
304797,Sleeping Dogs Lie,1998,6.1
304862,Sleepy Hollow,1999,7.4
304947,Slidin' - Alles bunt und wunderbar,1998,6.9
304948,Sliding Doors,1998,6.9
304999,Slim Pickings,1999,6.2
305074,"Slipping-Down Life, A",1999,6.4
305157,Slow Dancin' Down the Aisles of the Quickcheck,1999,4
305244,Slums of Beverly Hills,1998,6.4
305250,Slurpinn & Co.,1998,6.5
305305,"Slkting till lvorna, En",1999,6
305379,Small Soldiers,1998,5.8
305694,Smoke Signals,1998,7.2
305891,Snack and Drink,1999,7.2
305920,Snake Eyes,1998,5.7
305988,Snapped,1998,5.3
306083,Sneham Kosam,1999,6.4
306132,Snitch,1998,5.9
306221,Snow Days,1999,4.4
306226,Snow Falling on Cedars,1999,6.7
306500,So This Is Romance?,1998,6.2
306517,So Wrong They're Right,1999,5.2
306601,So-poong,1999,8.4
306701,Sobrevivir,1999,7.7
306718,Soccer,1999,5.8
306721,Soccer Dog: The Movie,1999,3.8
306725,Sochineniye ko dnyu pobedy,1998,5.1
306751,Social Intercourse,1998,4.8
306779,Socializacija bika?,1998,5.4
306926,Sodomites,1998,5.5
306934,Sodot Mishpacha,1998,7.7
306974,Sofies verden,1999,5.6
307001,Soft Fruit,1999,6.4
307018,Soft Toilet Seats,1999,3.6
307163,Sokkotanssi,1999,6.9
307174,Sokout,1998,6.8
307189,Sol Bianca: The Legacy,1999,6.2
307244,"Solan, Ludvig og Gurin med reverompa",1998,4.6
307277,Solas,1999,7.4
307351,Soldier,1998,5.2
307352,Soldier (1998/II),1998,6.6
307380,"Soldier's Daughter Never Cries, A",1998,6.9
307389,"Soldier's Leap, The",1998,8.3
307397,"Soldier's Sweetheart, A",1998,5.8
307651,Solo fr Klarinette,1998,6.7
307687,Solomon and Gaenor,1999,6.4
307696,Solomon's Song,1998,8.5
307778,Somberman's aktie,1999,9.1
307810,"Sombra dos Abutres, A",1998,6.8
307840,Sombre,1998,6.6
307886,Some Girl,1998,5.9
307934,Some Nudity Required,1998,4.7
308032,Somersault,1999,4.9
308083,Something More,1999,6
308097,Something to Believe In,1998,5.5
308148,Sometimes They Come Back... for More,1999,2.7
308173,Somewhere in the City,1998,4.8
308174,Somewhere in the Darkness,1998,5.5
308330,Son of a Bitch,1999,3.6
308679,Song-o,1999,5.3
308779,Sonic Impact,1999,4.5
308824,Sonnenallee,1999,7.2
308886,Sono positivo,1999,8.5
308963,"Sonmbula, La",1998,6.5
308995,Sooryavansham,1999,5.8
309061,Soplo de vida,1999,7.2
309213,Sorority House Vampires,1998,2.1
309468,"Soul Cages, The",1999,5.3
309563,"Souler Opposite, The",1998,5.2
309638,"Sound of One Hand Clapping, The",1998,5
309661,Soundman,1998,6.7
309730,"Sourire du clown, Le",1999,5.6
309867,South Park: Bigger Longer & Uncut,1999,7.6
309905,Southern Cross,1999,3.5
309916,Southern Heart,1999,5.9
309923,Southern Man,1998,2.9
309941,Southie,1998,4.4
309945,Southpaw: The Francis Barrett Story,1999,7.1
309963,Souvenir,1998,1.9
309980,Souvenirs intimes,1999,6.5
310198,Spaceman,1998,9
310258,"Spangled Star, The",1999,4.7
310302,Spanish Fly (1998/I),1998,4.8
310320,Spanish Judges,1999,4.8
310337,Spank,1999,3.4
310410,Spark,1998,8.5
310418,Sparkle,1999,5.3
310428,Sparks,1998,6.9
310522,Speak Like a Child,1998,7.9
310537,Speaking in Strings,1999,6.8
310581,Special Delivery (1999/I),1999,5.3
310648,Species II,1998,3.6
310690,Spectres of the Spectrum,1999,5.6
310801,Speedway Junky,1999,5.3
310806,Speedy Boys,1999,5
310955,SPF 2000,1998,5.1
310957,Sphere,1998,5.2
310981,"Spice Girls in America: A Tour Story, The",1999,1.4
310983,Spice Girls in Concert: Wild!,1998,4
311148,Spike and Mike's Sick and Twisted Festival of Animation 1998,1998,6.8
311180,Spilt Milk,1999,3.5
311194,Spin the Bottle,1999,4.4
311245,Spiral,1999,5.3
311477,Splendor,1999,5.8
311529,Split Wide Open,1999,5.1
311599,Spona,1998,5.6
311681,Sporlaust,1998,5.5
311746,Sporting Dog,1999,5.5
311935,Spriggan,1998,6.4
311979,Spring Forward,1999,7.1
312035,Springtime in Hell,1999,6.9
312564,St. Ives,1999,6
312600,St. Pauli Nacht,1999,6.1
312850,Stages,1998,6.4
312964,Stalker Guilt Syndrome,1999,7.8
313019,Stan,1999,8.8
313087,"Stand-In, The",1999,4.7
313114,Standing on Fishes,1999,6.3
313129,Standoff,1998,4.7
313130,"Standoff, The",1999,7.7
313150,Stanley and Us,1999,7.9
313158,Stanley Beloved,1998,6.1
313182,"Stanza dello scirocco, La",1998,7.4
313345,Star of Jaipur,1998,7.7
313357,Star Portal,1998,3.2
313390,Star Trak,1998,4.1
313397,Star Trek the Experience: The Klingon Encounter,1998,7.8
313401,Star Trek World Tour,1998,6.9
313423,Star Trek: Insurrection,1998,6.2
313474,Star Wars: Episode I - The Phantom Menace,1999,6.5
313515,Star! Star!,1999,4.2
313568,Stardust,1998,3.3
313599,Stargames,1998,1.9
313608,StarGeeks,1999,5.9
313756,Starry Night,1999,3.5
313830,Starstruck,1998,4.4
313938,"State of Mind, A",1998,3.9
313939,State of Nature,1998,8.6
314326,Steinflug,1999,7
314459,Stepmom,1998,6.1
314531,"Sterling Chase, The",1999,6
314577,"Stesso posto, stessa ora",1999,6.4
314729,Stiff Upper Lips,1998,6.1
314745,Stigmata,1999,6
314779,Still Crazy,1998,6.6
314821,Still Revolutionaries,1998,7.7
314953,Stinky,1999,6.3
314965,Stir of Echoes,1999,7
315000,Stjrnsystrar,1999,5.4
315096,Stolen Heart,1998,5.9
315238,Stonebrook,1999,4.7
315363,Stora och sm mirakel,1999,6.4
315414,"Storekeeper, The",1998,8.1
315502,Storm,1999,4
315512,Storm Catcher,1999,3.6
315544,Storm Trooper,1998,1.9
315621,Story of a Bad Boy,1999,5.2
315662,"Story of Computer Graphics, The",1999,4.8
315747,"Story of Us, The",1999,5.6
315779,"Storytellers, The",1999,3.8
315876,Straight From the Suburbs,1998,7.7
315886,Straight Out of Compton,1999,1.5
315893,Straight Shooter,1999,5.3
315896,"Straight Story, The",1999,8.1
315938,Strana glukhikh,1998,8.4
315949,"Strand von Trouville, Der",1998,6.5
316140,Strange Planet,1999,5.6
316171,Strangeland,1998,4.3
316209,Stranger in My House,1999,5.7
316216,Stranger in the Kingdom,1998,7.1
316238,Stranger Than Fiction,1999,6.1
316287,"Stranger, The (1999/II)",1999,4
316504,Stray Bullet,1998,4.4
316513,"Stray, The",1999,4.5
316514,Straydogs,1999,5.1
316558,Straensperre,1998,5.8
316795,Streetwise,1998,8.2
316875,Stricken,1998,2.6
316957,Strike Zone,1999,4.3
316961,Strike!,1998,6.2
316981,Striking Poses,1999,4.3
316998,Stringer,1999,3.7
316999,"Stringer, The",1998,4.8
317193,Strsljen,1998,6.5
317260,Stuart Bliss,1998,4.9
317261,Stuart Little,1999,6.1
317438,Stuff,1999,3.5
317462,"Stuj, nebo se netrefm",1998,3.9
317512,Stung,1999,4.7
317624,Stvnemdet,1998,6.4
317704,Su tutte le vette e pace,1999,7
317765,Subconscious Cruelty,1999,5.2
317810,Subjudice,1998,6.6
317812,Sublet,1998,4.8
317814,"Sublime, Det",1999,4.4
317876,Subspecies 4: Bloodstorm,1998,4
317945,"Suburbans, The",1999,4.3
318029,Such a Long Journey,1998,7.9
318108,Suckerfish (1999/I),1999,6.8
318110,Suckers (1999/I),1999,5.7
318127,Sud,1999,6
318212,"Sudor de los ruiseores, El",1998,7
318315,Sufflsen,1999,6.1
318358,"Sugar Factory, The",1998,6.5
318370,Sugar Town,1999,5.7
318442,Suicide Blonde,1999,5.6
318464,"Suicide, the Comedy",1998,6.5
318510,Suits,1999,3
318567,Sukkien euroelm,1999,4.5
318763,Summer of Sam,1999,6.4
318768,Summer of the Monkeys,1998,5.7
318848,Summertime,1999,6.4
318967,Sunburn (1999/I),1999,6.2
319002,Sunday,1999,7.6
319050,Sunday's Game,1999,8.8
319168,Sunrise Over Tiananmen Square,1998,9.1
319239,Sunshine,1999,7.3
319404,Super Jesus,1999,9.4
319596,Superlove,1999,5.4
319682,Superstar,1999,4.5
319711,Superstition (1999/I),1999,6.9
319937,Surferne kommer,1998,4.5
319941,Surfing for Life,1999,4.3
319987,Surprise Cinema,1999,6.4
320033,Surrender Dorothy,1998,7.3
320065,Surveiller les tortues,1998,4.2
320145,"Survivor, The",1998,3.6
320209,Susan's Plan,1998,5.1
320458,Suzie Washington,1998,6.5
320508,Svar med foto,1999,5.7
320698,Svitati,1999,4.3
320756,Swallows,1999,5.7
320789,Swamp!,1999,6.5
320801,"Swan Princess: The Mystery of the Enchanted Kingdom, The",1998,3.9
320926,Swearing,1999,6.9
321097,Sweepers,1999,3.9
321126,Sweet and Lowdown,1999,7.2
321222,Sweet Jane,1998,6.9
321260,Sweet Nightmare,1998,4.2
321322,Sweet Surprise,1998,7.2
321373,Sweetheart Murders,1998,1.5
321482,Swing,1999,5.7
321563,Swingers' Serenade,1999,3.1
321596,Swiri,1999,6.6
321601,"Swishy-Washy, The",1999,4
321634,Switch (1999/II),1999,8.7
321918,Synergy: Visions of Vibe,1999,7.9
322073,Szenvedly,1998,5.2
322104,"Szerencse lnyai, A",1999,5.4
322256,So Jernimo,1999,7.6
322287,Sdyllinen murhenytelm,1998,5.8
322293,S smukt,1998,6.1
322371,"S, quiero...",1999,5.5
322396,Slo gente,1999,4.8
322418,Sseiji,1999,6.8
322504,"Sdsee, eigene Insel",1999,5.3
322608,T-Rex: Back to the Cretaceous,1998,4.8
322635,T.N.T.,1998,3.6
322696,Taal,1999,6.5
322728,Taber!,1998,4.9
322755,"Table for One, A",1999,4.6
322769,Tableau ferraille,1998,5.6
322833,Tach Herr Dokter - Der Heinz Becker Film,1999,4.4
322844,Tacklebox,1999,4.4
322885,Tadon to chikuwa,1998,7.3
322908,Taekwondo,1998,5.1
322913,Taeyangeun eobda,1998,7.2
322926,Tag,1999,6.6
323148,Tail Lights Fade,1999,4
323226,Tainted (1998/I),1998,6.2
323344,Tak for Alt: Survival of a Human Spirit,1999,9.2
323400,Take It Easy,1999,8.1
323501,Taken,1999,5.4
323542,Takin' It Back to the Streets,1998,8.6
323612,Taking the Plunge,1999,9
323629,Takky onsen,1998,7.8
323659,"Tal der Schatten, Das",1999,4.4
323738,"Tale of Sweety Barrett, The",1998,6
323748,Tale of the Mummy,1998,3.6
323751,"Tale of the Rat That Wrote, The",1999,6.4
323800,Talent,1998,1.6
323813,"Talented Mr. Ripley, The",1999,7
323928,Talisman,1998,2.9
323961,Talk of Angels,1998,6.1
324164,Tamaro,1999,7.8
324502,"Tango, no me dejes nunca",1998,6.7
324579,Tann for Tann,1998,4.3
324815,Tappev Tartu,1998,8.1
324898,Tarantulas and Other Conveniences,1999,8.7
325098,Tarzan,1999,7.1
325113,Tarzan and the Lost City,1998,3.4
325286,Tasty,1999,9.5
326068,Tavalod-E Parvaneh,1998,8.2
326083,"Tavern, The",1999,5.5
326101,Tax Day,1998,5.8
326122,Taxi,1998,6.6
326229,Taxman (1999/II),1999,4.5
326230,"Taxman, The",1999,5.9
326383,Tea with Mussolini,1999,6.6
326389,Teach Me,1998,4.2
326442,Teaching Mrs. Tingle,1999,5
326478,Tears,1998,3.6
326491,Tears of a Lotus,1998,6.5
326536,Teatro di guerra,1998,5.9
326597,Ted,1998,8.4
326679,Teen Knight,1998,2.7
326712,Teen Sorcery,1999,3.6
326823,Teenage Space Vampires,1998,2.4
326830,"Teenage Textbook Movie, The",1998,6.6
327020,Tejing xinrenlei,1999,6.3
327237,Tell Me Something,1999,6.8
327307,Telling You,1998,4.4
327367,Temmink: The Ultimate Fight,1998,6.6
327370,Temni angeli usode,1999,6.5
327446,"Tempestade da Terra, A",1998,6.1
327474,Tempo,1999,3.8
327487,"Tempo dell'amore, Il",1999,6.7
327521,Temporary Girl,1998,6.9
327535,Temps,1999,7.7
327577,"Temps retrouv, Le",1999,6.5
327620,Temptations,1999,6.6
327802,Tenchi Muy! In Love 2: Haruka naru omoi,1999,7.5
327803,Tenchi Muy! Manatsu no Eve,1998,7.2
328127,Tequila Body Shots,1999,2.9
328273,Terminale,1998,4.7
328294,Terminus paradis,1998,7.4
328321,Terra bruciata,1999,4.5
328350,Terra Nova,1998,5.3
328573,Terror of Prehistoric Bloody Monster From Space,1998,1
328638,"Terrorist, The",1999,7.3
328891,"Testimone dello sposo, Il",1998,5.5
328920,Testing the Limits,1998,5.8
329088,"Texas Funeral, A",1999,6.6
329167,TGV,1998,6.1
329221,Thakshak,1999,6.8
329464,That Marino Thing,1999,6.4
329513,That Strange Person,1998,6.4
329917,"Theory of Flight, The",1998,6.4
330019,There's No Fish Food In Heaven,1998,3.5
330057,There's Something About Mary,1998,7.2
330146,They Come at Night,1998,4.1
330271,Thick as Thieves,1998,5.7
330281,Thicker Than Water,1999,3.9
330334,Thieves,1999,3.4
330358,Thiliki etairia,1999,4.9
330386,"Thin Pink Line, The",1998,4.6
330388,"Thin Red Line, The",1998,7.2
330530,"Third Miracle, The",1999,6.6
330570,Third World Cop,1999,4.7
330610,"Thirteenth Floor, The",1999,6.4
330757,This Is Harry Lehman,1999,4.7
330771,This Is My Father (1998/I),1998,6.6
330799,This Is the Disk-O-Boyz,1999,5.2
330957,This Year's Love,1999,6
330999,"Thomas Crown Affair, The",1999,6.7
331210,Thranes metode,1998,3.9
331275,Three Below Zero,1998,6
331301,Three Businessmen,1998,7.1
331338,Three Days (1999/I),1999,8.8
331427,Three Kings,1999,7.4
331555,Three on a Match,1998,5.1
331595,Three Seasons,1999,7.1
331664,Three to Tango,1999,6
331743,"Threshold, The",1998,5.5
331833,Through a Blue Lens,1999,7.1
331849,Through Dead Eyes,1999,4
331964,Thug Life in D.C.,1999,5.4
331965,Thugs,1998,2.6
331993,Thumbtanic,1998,6.6
332134,Thunderpoint,1998,7.6
332146,Thursday,1998,6.6
332148,Thursday Afternoon,1998,8.6
332312,Tian ma cha fang,1999,4.4
332340,Tian xuan di lian,1999,6.3
332344,Tian yu,1998,7.2
332376,"Tic Code, The",1999,5.9
332385,"Tichborne Claimant, The",1998,6
332470,Tide,1999,3.1
332747,Tifosi,1999,3.7
332773,Tiger Claws III,1999,3.2
332799,Tiger Street,1998,3.6
332846,Tigerstreifenbaby wartet auf Tarzan,1998,5.9
332899,Tightrope,1998,5.8
333192,Time at the Top,1999,4.5
333327,Time Served,1999,3.2
333529,Tin seung yan gaan,1999,5.4
333588,Tinkertown,1999,5.2
333670,Tipota,1999,5.4
333695,Tiradentes,1999,4.5
333768,Tis the Season,1998,9
333859,"Titanic Chronicles, The",1999,7.2
333868,Titanic Town,1998,6.3
334008,Titus,1999,7.2
334010,Titus Andronicus,1999,5.4
334105,To Be or Not to Be (1998/I),1998,7
334125,To Build a Better Mousetrap,1999,6.9
334190,To Hell with Love,1998,6.5
334318,To Speak,1999,5.2
334382,To Walk with Lions,1999,6
334432,Tobias Totz und sein Lwe,1999,5.6
334500,Tockovi,1999,7.2
334576,Todas hieren,1998,3.3
334649,Todo dia todo,1998,7.7
334653,Todo el poder,1999,7.3
334678,Todo sobre mi madre,1999,7.9
334729,Toemarok,1998,4.7
334747,Together & Alone,1998,9.9
334910,Tokyo Eyes,1998,6.7
335155,Tom's Midnight Garden,1999,7.3
335268,Tomie,1999,5.5
335338,Tomorrow Night,1998,7.4
335363,Tomten r far till alla barnen,1999,6.8
335462,Toni,1999,6.2
335497,Tonkaya shtuchka,1999,4.1
335715,Too Tired to Die,1998,5.5
335863,Top of the Food Chain,1999,5.7
335942,"Topo y el hada, El",1998,8.5
335965,Tops & Bottoms,1999,4.1
335982,Topsy-Turvy,1999,7.4
335989,"Toque do Obo, O",1998,7.9
336086,Tori Amos: The Complete Videos 1991-1998,1998,7.4
336157,Tornado Boy,1999,8.4
336217,Torowisko,1999,5.3
336242,Torrance Rises,1999,7.6
336267,"Torrente, el brazo tonto de la ley",1998,6.6
336577,Totsuzen! Neko no kuni banipal witt,1998,6.7
336595,Tot che visse due volte,1998,6.5
336745,Touched,1999,3.7
336895,"Tourist Trap, The (1998/II)",1998,5.1
336938,Tous les I de Paris s'illuminent,1999,5.7
336954,Tout baigne!,1999,5.6
337130,Townies,1999,2.3
337145,"Toxios, Los",1998,6.9
337165,Toy Soldiers,1999,6.6
337168,Toy Story 2,1999,8.1
337299,Track,1999,6.2
337431,Trafic d'influence,1999,4.6
337685,Trailer Park Boys,1999,8.9
337701,Trailer: The Movie,1999,4.1
337742,Train de vie,1998,7.3
337779,Train to Pakistan,1998,7.6
337849,Traitor's Heart,1999,2.3
337862,"Trait du hasard, Le",1998,6
337865,Traio,1998,8.5
337988,Trance,1998,3.9
338023,Trans,1998,6
338048,Transatlantik,1998,1.6
338233,"Trapalho e a Luz Azul, O",1999,3.7
338276,Trapped,1999,5.1
338345,Trash,1999,5.2
338546,Traveling Companion,1998,5.2
338571,Travellinckx,1999,5.7
338714,Tre storie,1998,3.8
338758,Treasure,1999,4.1
338788,Treasure Island (1999/I),1999,5.1
338789,Treasure Island (1999/II),1999,5.6
338805,Treasure of Pirate's Point,1999,5.2
338854,"Treat, The",1998,3.6
338909,Tree Shade,1998,8.4
338922,Treehouse Hostage,1999,5
339022,Trempistim,1998,5
339046,"Trench, The",1999,6.2
339268,Treyf,1999,2.9
339316,Tri muskarca Melite Zganjer,1998,7.1
339325,Tri palme za dve bitange i ribicu,1998,8
339544,Trick,1999,6.9
339593,Trickle,1998,5.5
339799,"Trio, Das",1998,6.9
339855,"Trip van Teetje, De",1998,5.8
339937,Trippin',1999,3.9
340053,Triunghiul mortii,1999,5.6
340191,Trois ponts sur la rivire,1999,7.3
340266,Trollkarlen - en film om Jan Johansson,1999,6.5
340305,"Tronco, O",1999,7.2
340334,Troops,1998,7.4
340562,"Trouble with Perpetual Deja-Vu, The",1999,4.2
340613,Troublesome Night 5,1999,5.8
340728,True,1999,7.6
340759,True Confessions of a Sushi Addict,1999,7.8
340765,True Crime,1999,6.3
340775,True Friends,1998,4.5
340866,Truel,1999,5.3
340901,"Truman Show, The",1998,7.7
340958,"Truth About Juliet, The",1998,5.9
340991,Truth or Dare,1999,4.4
341077,Trfico,1998,4.6
341159,"Trs Zuretas, Os",1998,8.1
341202,"Tsatsiki, morsan och polisen",1999,6.7
341237,Tsirk sgorel i klouny razbezhalis,1998,5.7
341326,Tsvety kalenduly,1998,6.3
341390,Tu ridi,1998,6.2
341415,"Tua lingua sul mio cuore, La",1999,5.7
341431,Tuba Girl,1999,4.1
341505,Tueur  gages,1998,7.1
341519,Tuftsablanca,1999,4.3
341591,Tulennielij,1998,6.7
341594,Tulip,1998,9
341669,Tumbled,1999,8
341680,Tumbleweeds,1999,6.9
341896,Turkey. Cake.,1999,5.1
341997,"Turning of the Earth: John Ford, John Wayne and the Searchers, A",1999,5.6
342033,Turnstile,1999,6.8
342118,Tutti gli uomini del deficiente,1999,5.3
342147,Tuvalu,1999,7.1
342149,Tuve un sueo contigo,1999,4.1
342481,Twilight,1998,6.1
342537,Twin Falls Idaho,1999,7.1
342616,"Twist of Faith, A",1999,4.4
342689,Twister: Ride It Out,1998,6.8
342782,Two Cops 3,1998,4.5
342871,Two Girls and a Baby,1998,8.3
342908,Two Hands,1999,7.2
343031,Two Ninas,1999,6
343200,Two Weeks Later,1998,7.4
343222,Two Women,1999,7.3
343237,Two's a Mob,1998,4
343248,Two-Eleven,1999,6.9
343319,Tydzien z zycia mezczyzny,1999,6.3
343384,Tyrone,1999,3.3
343421,"Tzel, Shel Hachiuch Shelchah, Ha-",1998,8.6
343433,Tzomet volkan,1999,7.9
343647,Tt ou tard,1999,5.3
343688,"Tdliches Verhltnis, Ein",1998,4.8
343720,Tser + Drengerve,1998,6.4
343822,U Pana Boga za piecem,1998,7.8
343907,U.S. Marshals,1998,6.1
343919,U.S. Seals,1999,2.1
344182,Ugly Naked People,1999,5.3
344593,"Ultimo capodanno, L'",1998,6
344717,Um Copo de Clera,1999,6.7
344823,Uma Aventura do Zico,1998,2.4
344848,Uma Historia de Futebol,1999,7.4
344964,Umirat legko,1999,4.7
345016,Un 32 aot sur terre,1998,7.3
345190,Un drangement considrable,1999,5.9
345246,Un grand cri d'amour,1998,6.2
345437,Un pont entre deux rives,1999,6.3
345444,Un pur moment de rock'n roll,1999,4.4
345478,Un soir aprs la guerre,1998,7.5
345483,Un soir de pluie,1999,9.8
345496,"Un spcialiste, portrait d'un criminel moderne",1999,7.2
345689,Unbowed,1999,3.1
345856,Unconditional Love,1999,3
345929,Und vor mir die Sterne,1998,8.3
346005,Under Heaven,1998,6.2
346041,Under overfladen,1999,4
346062,Under solen,1998,6.8
346143,Under the Rainbow,1999,5.8
346209,Underbara kvinnor vid vatten,1998,5.3
346222,Undercover Angel,1999,5.5
346250,Undercurrent,1999,4.1
346271,Underground,1998,4.7
346280,"Underground Comedy Movie, The",1999,1.4
346314,Understanding Jane,1998,7.2
346465,Une chance sur deux,1998,5.5
346646,Une journe de merde!,1999,5
346657,Une liaison pornographique,1999,7.1
346669,Une minute de silence,1998,4.7
346730,Une pour toutes,1999,4.4
346916,"Unfinished Journey, The",1999,7.5
347013,Ungfrin ga og hsi,1999,6.6
347101,Uninvited (1999/I),1999,3.2
347244,Universal Soldier: The Return,1999,3.2
347302,"University, Inc.",1999,2.8
347327,"Unknown Cyclist, The",1998,5.2
347573,"Unscarred, The",1999,6.8
347599,Unseen Evil,1999,4.3
347693,"Unspoken, The",1999,6.4
347769,Unter den Palmen,1999,5
347829,Untersuchung an Mdeln,1999,6.6
347848,Until I Hear from You,1998,3.6
348198,"Uomo perbene, Un",1999,6.9
348219,Up 'n' Under,1998,5.2
348598,Urban Flesh,1999,5.2
348599,Urban Ghost Story,1998,5.5
348607,Urban Legend,1998,5.1
348611,Urban Menace,1999,1.6
348670,Urine: Good Health,1999,3.7
348776,Urutoraman Teiga & Urutoraman Daina & Urutoraman Gaia: Choujikuu no daiketsugeki,1998,6.6
348777,Urutoraman Tiga & Urutoraman Daina: Hikari no hoshi no senshi tachi,1998,6.6
349203,Uzel,1999,5.9
349283,V kocke,1999,6.9
349291,V leru,1999,7.4
349438,Vaanaprastham,1999,5.6
349446,Vaastav,1999,6.8
349505,Vacancy,1999,7.5
349535,Vacanze di Natale 2000,1999,1.9
349896,Valerie Flake,1999,5.1
349905,Valgaften,1998,7.7
349942,Valkanisateur,1998,7.6
350040,"Valley, The",1999,8.9
350134,Vamos a dejarlo,1999,5.3
350208,Vampire Seduction,1998,3.3
350235,Vampires,1998,5.6
350281,Vampyre Femmes,1999,5.3
350351,Vana espuma,1998,8
350434,Vanished,1998,1.7
350700,Varsity Blues,1999,5.9
351410,"Velocity of Gary, The",1998,4.5
351427,"Velvet Club, The",1999,5.6
351431,Velvet Goldmine,1998,6.5
351480,Vendado y fro,1998,3
351494,"Vendedora de rosas, La",1998,7.8
351688,"Venganza, La",1999,3.9
351773,"Venice Project, The",1999,6
351818,"Vent de la nuit, Le",1999,6.2
351887,Venus,1999,3
351896,Venus Blue,1998,4.7
351908,"Venus Factory, The",1998,8
351976,"Vera madre, La",1999,6.5
351989,Veranda fr en tenor,1998,5.2
352052,Verbrande aarde,1998,5
352131,Verdi,1999,5.3
352216,Vergeten straat,1999,5.7
352517,"Versace Murder, The",1998,3.5
352554,Verses,1999,4
352595,Vert,1999,5.5
352684,Very Bad Things,1998,5.7
352755,"Very Unlucky Leprechaun, A",1998,1.7
352822,"Vespa e la regina, La",1999,5.6
353056,"Via degli angeli, La",1999,6.5
353082,Via Satellite,1998,5.5
353168,"Viajante, O",1999,8.5
353278,Vic,1999,6
353299,Vice Academy Part 6,1998,1.6
353406,"Victim, The",1998,5.2
353436,Victor,1998,6.9
353464,Victor... pendant qu'il est trop tard,1998,6.1
353504,Victoria's Shadow,1998,6.4
353605,"Vida es silbar, La",1998,6.6
353660,Vidange,1998,4.3
353908,"Vie ne me fait pas peur, La",1999,7
353926,"Vie rve des anges, La",1998,7.4
353935,"Vie sur terre, La",1998,6.6
353950,Viehjud Levi,1999,7.1
353960,"Vieille dame et les pigeons, La",1998,7.7
354048,"Viento se llev lo qu, El",1998,6.5
354102,Viergeteilt im Morgengrauen,1999,5.2
354181,Viewer Discretion Advised,1998,1.6
354203,"Vigil, The",1999,5.6
354246,Vigo,1998,5.8
354425,Vildspor,1998,6.4
354518,Village of Idiots,1999,7.9
354563,"Villains Anthology, The",1999,8.4
354590,Villeneuve,1998,5.1
354765,Viol@,1998,5
354769,Viola bacia tutti,1998,5.1
354861,Violent Shit 3 - Infantry of Doom,1999,4.7
354936,"Violon rouge, Le",1998,7.7
354961,Vipers,1999,4.2
355065,"Virgin Suicides, The",1999,7.1
355154,Virtual Encounters 2,1998,3.9
355184,Virtual Sexuality,1999,5.1
355233,Virus,1999,4.2
355488,"Visitante, El",1999,5.6
355661,"Vita  una sola, La",1999,5.5
355699,Vite in sospeso,1998,4.6
355853,Vive Elle,1998,5.9
355893,"Vivero Letter, The",1998,4.3
355962,Vivre au paradis,1998,6.9
355964,Vivre en petite unit de vie,1998,8.9
356362,"Voie est libre, La",1998,5.9
356466,Volavrunt,1999,5.7
356508,Voleur de vie,1998,6.2
356521,"Voleuse de Saint-Lubin, La",1999,5.8
356566,Vollmond,1998,6.2
356617,"Volte sempre, Abbas!",1999,7.8
356785,Voodoo,1999,6
356868,Voroshilovskij strelok,1999,7
357093,"Voyage  Paris, Le",1999,5.5
357107,Voyages,1999,7.6
357133,Voyeur (1999/I),1999,4.4
357344,Vremya tantsora,1998,6
357392,"Vrouw van het noorden, Een",1999,5.4
357436,Vsichni moji blzc,1999,6.3
357516,"Vuelta de El Coyote, La",1998,2.1
357570,"Vulkan, Der",1999,6.1
357594,Vuoti a perdere,1999,4.8
357612,Vuxna mnniskor,1999,6.5
357752,Vgen ut,1999,6.4
357779,Vter,1998,3.8
358023,Waan ying dak gung,1998,5.6
358079,Waco: A New Revelation,1999,6.7
358145,"Wager, The",1998,6.4
358169,Wagner,1998,7.5
358322,Waiting for Harvey: A Beginner's Guide to Cannes,1999,9.2
358352,Waiting for Woody,1998,5.6
358358,"Waiting Game, The",1999,3.2
358381,Wajood,1998,6.6
358438,"Wake In Providence, A",1999,7.2
358473,Waking,1999,5.9
358478,Waking Ned,1998,7.3
358482,Waking Up Horton,1998,2.7
358556,Walk Around the Block with Barney,1999,6
358569,"Walk in the Park, A",1999,5.1
358581,"Walk on the Moon, A",1999,6.6
358634,Walking Across Egypt,1999,7.1
358674,Walking to the Waterline,1998,5.2
358947,Wandafuru raifu,1998,7.5
359010,Wang Dang,1999,6
359087,Wanted (1999/I),1999,4.1
359088,Wanted (1999/II),1999,7.5
359348,War Zone,1998,6.1
359349,"War Zone, The",1999,7.3
359375,Ward Zone,1998,4.6
359438,Warm Blooded Killers,1999,5.8
359563,Warriors of the Net,1999,8.1
359704,"Waschen, schneiden, legen",1999,2
359901,"Watcher, The",1999,5.8
359908,Watchers Reborn,1998,2.9
359939,Water and Power,1999,4.3
359958,Water Damage,1999,3.5
359972,"Water Ghost, The",1998,6.3
360027,"Waterboy, The",1998,5.4
360087,Waterproof,1999,6.1
360148,Waxwing,1998,4.9
360176,"Way It All Went Down, The",1999,6.6
360313,Wayward Son,1999,5.8
360511,We're Funny That Way,1998,6.8
360625,Web of Seduction,1999,5.3
360723,"Wedding Singer, The",1998,6.8
360772,Wednesday's Child,1999,6.6
360821,"Week Before, The",1998,8.6
360830,"Week That Girl Died, The",1998,5
360852,Weekend (1998/I),1998,5.1
360868,Weekend Getaway,1998,6.9
360907,"Weekend, The",1999,5.9
360914,Weeping Shriner,1999,6.3
360953,Wege in die Nacht,1999,7
361066,Weird Ones,1998,3.8
361179,Welcome to Alaska,1999,5.1
361427,Wenn Elsa tanzt,1998,5.4
361475,Went to Coney Island on a Mission From God... Be Back by Five,1998,6.3
361507,"Wer liebt, dem wachsen Flgel...",1999,3.6
361546,"Werewolf Reborn!, The",1998,2
361562,Werner - Volles Roo!!!,1999,4.8
361592,West Beyrouth,1998,7.2
362025,Whacked (1998/I),1998,6.4
362152,What Becomes of the Broken Hearted?,1999,6.1
362188,What Dreams May Come,1998,6.2
362380,What Rats Won't Do,1998,6.2
362581,Whatever,1998,5.9
362586,Whatever Happened to Harold Smith?,1999,6.1
362597,Whatever It Takes,1999,2.7
362848,When I Was a Boy,1998,6.4
362869,When It's Over,1998,5.3
362880,When Justice Fails,1998,4.3
362917,When Love Comes,1998,5.9
362984,When Ponds Freeze Over,1998,7
363081,When the Day Breaks,1999,7.2
363121,When the Light Comes,1998,6.3
363492,Where's Marlowe?,1998,6.1
363529,Which Way Por Favor?,1999,5
363967,"White Pony, The",1999,6
363972,"White Raven, The",1998,4.7
363977,"White River Kid, The",1999,4
364040,"White to Be Angry, The",1999,5.6
364064,White Valentine,1999,5.8
364094,Whiteboys,1999,4.6
364165,Who Gets the House?,1999,4.8
364220,Who Killed Johnny Love?,1998,8.6
364359,Who's My Favourite Girl,1999,5.7
364408,"Who, Me?",1999,5.9
364423,"Whole New Day, A",1999,5.2
364558,Why Do Fools Fall In Love,1998,5.6
364709,Wicked,1998,5.3
364769,"Wicked Witch Project, The",1999,8.3
364794,Wide Awake,1998,6
364860,"Widower, The",1999,5.2
364867,"Widows - Erst die Ehe, dann das Vergngen",1998,4.2
364967,Wiegands Befreiung,1998,8.4
365119,Wilbur Falls,1998,5.2
365313,Wild Horses (1998/I),1998,8.7
365451,Wild Things,1998,6.6
365498,Wild Wild West,1999,4
365636,"Wildest Show in the South: The Angola Prison Rodeo, The",1999,7.2
365650,Wildflower,1999,3.4
365651,Wildflowers,1999,5.7
365664,Wildly Available,1999,4.3
365898,Willy Nilly,1998,5.8
365998,Wind River,1998,4.9
366022,Windhorse,1998,6.6
366134,Wing Commander,1999,3.6
366378,"Winslow Boy, The",1999,7.2
366386,Winter '89,1998,7.2
366421,Winter Lily,1998,7.1
366598,Wisconsin Death Trip,1999,6.6
366602,"Wisdom of Crocodiles, The",1998,6.3
366680,"Wishing Tree, The",1999,6.1
366754,Witchcraft X: Mistress of the Craft,1998,2
366811,With Friends Like These...,1998,5.6
366842,With or Without You,1998,6.4
366843,With or Without You,1999,6.3
366933,Without Limits,1998,6.9
366967,Without You (1999/I),1999,9.8
366983,"Witness Files, The",1999,3.8
367130,Wo de fu qin mu qin,1999,7.5
367242,Wojaczek,1999,6.5
367289,"Wolf Man, The",1999,7.2
367382,Wolves,1999,6.4
367385,"Wolves of Kromer, The",1998,6.5
367446,"Woman Chaser, The",1999,6.5
367605,"Woman Scorned, A",1999,6.2
367772,Women,1999,7.8
367886,Women Talking Dirty,1999,6.9
367999,"Wonderful Ice Cream Suit, The",1998,5.5
368040,Wonderland,1999,7.1
368092,Woo,1998,3.3
368110,"Wood, The",1999,6.2
368157,Woodstock '94,1998,5.8
368215,Wooww,1999,5.6
368227,Word of Mouth,1999,4.7
368235,Wordbox,1999,5.8
368309,Working for Labour,1998,8.2
368418,"World Is Not Enough, The",1999,6.3
368703,Woubi Cheri,1998,8.4
368722,Woundings,1998,3.9
368809,"Wrecking Crew, The",1999,1.8
368863,Wrestling with Alligators,1998,4.7
368997,Wrongfully Accused,1998,5.1
369058,Wu jian lucheng,1999,6.1
369121,Wu-Tang,1998,9.2
369420,X 2000,1998,6.1
369427,"X Files, The",1998,6.6
369757,Xilu xiang,1999,7.8
369771,Xin dong,1999,7
369810,Xin tang shan da xiong,1998,5.6
369837,Xing yuan,1999,6.9
369877,Xizao,1999,7.3
369982,Xuxa Requebra,1999,2.6
370116,Y2K,1998,3.3
370117,Y2K (1999/I),1999,4.2
370145,Ya Li ba ba liang ge da dao,1998,5.7
370331,Yaksohk,1998,6.9
370359,"Yakuza Way, The",1998,3.3
370404,Yam yeung lo ji sing goon faat choi,1998,7.4
370630,Yara,1999,5.9
370801,"Ydmygede, De",1998,2.3
371011,Yellow,1998,5.5
371143,Yeogo goedam,1998,5.7
371251,Yeonpung yeonga,1999,7.3
371271,Yepeto,1999,6.8
371290,Yerma,1999,6
371346,Yeshou xingjing,1998,6.5
371403,Yeung gwong ging chaat,1999,5.9
371436,Yez rouz bishtar,1999,6.7
371467,Yi ge dou bu neng shao,1999,7.4
371903,Yom Huledet Same'ach Mar Mograbi,1999,4.4
371908,Yom Yom,1998,6
372102,You Can Thank Me Later,1998,5
372252,You Saw Me Up There,1998,9.3
372258,You shi tiaowu,1999,5.5
372315,You're Dead...,1999,5
372372,You've Got Mail,1998,6.2
372555,"Young Girl and the Monsoon, The",1999,4.7
372677,Young People Ask: How Can I Make Real Friends?,1999,6.2
372832,Your Choice!,1999,5.7
372844,Your Friends & Neighbors,1998,6.4
372963,Ypsoma 33,1998,6.8
373004,Yu nu,1999,4.8
373083,Yue doh laai yue ying hung,1998,5.1
373097,Yue shi,1999,6.2
373102,Yuen chi miu hei,1999,3.9
373129,Yugoslavia: The Avoidable War,1999,5.8
373133,Yugpurush: A Man Who Comes Just Once in a Way,1998,4.6
373153,Yuk lui liu chai,1998,2.9
373162,Yuk po tuen III goon yan ngoh yiu,1998,5.9
373304,Yuryeong,1999,6.6
373419,Z pekla stest,1999,5.3
373577,Zacharia Farted,1998,5.6
373591,Zack and Reba,1998,3.7
373709,Zakhm,1998,7
373957,Zapatista,1999,4.9
373994,Zapping,1999,4.2
374221,Zbogum na dvadesetiot vek,1998,6.4
374257,Zdrav nemocn Vlastimilen Brodsk,1999,7
374373,"Zeit mit Kathrin, Die",1999,4.3
374501,Zendegi dar meh,1999,6.2
374573,Zero Effect,1998,7.1
374606,Zero Woman: Saigo no shirei,1999,4.1
374710,Zhao xiansheng,1998,5.6
374729,Zheleznaya pyata oligarkhii,1998,4.7
374743,Zhen xin hua,1999,5.9
374755,Zheng hun qi shi,1998,6.9
374905,Zhong hua ying xiong,1999,5.6
375070,"Ziener, De",1998,7.3
375076,Zig Zag,1999,4.8
375162,Zimmer Feri,1998,6.4
375223,Zingo,1998,6.1
375263,Zirkus Palestina,1998,5.2
375282,Zita - Geschichten ber Todsnden,1998,8.4
375367,Ziyu fengbao,1999,6.6
375441,Zlote runo,1998,5.6
375443,Zloto dezerterw,1998,3.8
375497,Zoando na TV,1999,7
375513,Zoe (1999/I),1999,7.2
375678,Zoltar From Zoron,1998,6.5
375736,Zona J,1998,6.5
375794,Zonzon,1998,5.9
375798,Zoo,1999,5.1
375869,Zornige Ksse,1999,4.2
375974,Zu,1998,3.8
376036,Zugvgel - ... einmal nach Inari,1998,7.1
376092,Zulmi,1999,2.6
376342,Zwei in einem Boot,1999,6.3
376486,Zwischen vier und sechs,1998,4
376540,Zzang,1998,4.4
376543,Zzim,1998,3.7
376772,Bin ich schn?,1998,6.8
376972, la place du coeur,1998,6.4
376976, la recherche de Kundun avec Martin Scorsese,1998,8.1
376999, mort la mort,1999,5.8
377061, vendre,1998,6.3
377143,mbr tanr r,1998,5.1
377242,"ge de braise, L'",1998,2.8
377269,"me-soeur, L' (1999/I)",1999,4.1
377300,lgigen,1999,7.1
377464,a commence aujourd'hui,1999,7.5
377475,a n'empche pas les sentiments,1998,4.6
377477,a ne se refuse pas,1998,2.7
377479,a reste entre nous,1998,4.1
377656,"cole de la chair, L'",1998,7.1
377961,"trangers, Les",1999,7
378074,"le de sable, L'",1999,5
378176,gat,1998,5.9
378610,nc sayfa,1999,7
378614,". 19,99",1998,6.3
